<?xml version = '1.0' encoding = 'UTF-8'?>
<FKIndexAssociation class="oracle.dbtools.crest.model.design.relational.FKIndexAssociation" directorySegmentName="seg_0" id="0378AFEB-9CB4-66BD-EF86-4A76136F9488" containerWithKeyObject="A81D36A5-4F0C-858A-5FD4-DA6E9E07C597" localFKIndex="E7AFF638-342E-3B6C-20E4-47D947C3F2F0" name="NOVEL_VERSION_NOVEL_FK">
<createdBy>Крот</createdBy>
<createdTime>2022-07-11 09:55:45 UTC</createdTime>
<ownerDesignName>book_db</ownerDesignName>
<referredTableLongName>NOVEL</referredTableLongName>
<deleteRule>NO ACTION</deleteRule>
<referredTableID>E275FE16-34AB-48EA-01E0-F7C2D8FD85C8</referredTableID>
<keyObject>C6E58BFA-7CE0-66F0-58DF-DF4FC803A84E</keyObject>
<referredKeyID>C6E58BFA-7CE0-66F0-58DF-DF4FC803A84E</referredKeyID>
<mandatory>true</mandatory>
<refColNames>ID</refColNames>
<transferable>true</transferable>
<rely>false</rely>
<columnDependencyConstraintGenerateInDDL>true</columnDependencyConstraintGenerateInDDL>
</FKIndexAssociation>