<?xml version = '1.0' encoding = 'UTF-8'?>
<FKIndexAssociation class="oracle.dbtools.crest.model.design.relational.FKIndexAssociation" directorySegmentName="seg_0" id="03E08B71-B206-D1E6-FC5D-85552085DAC8" containerWithKeyObject="D29F47D4-13E2-C720-51B0-AA77D35A41FC" localFKIndex="36433529-D078-F810-2FC5-96F970E08AE8" name="BOOK_BOOK_GROUP_FK">
<createdBy>Крот</createdBy>
<createdTime>2022-06-14 16:28:47 UTC</createdTime>
<generatorID>ADD23150-19A6-AA55-20EC-4BD594CBF40C</generatorID>
<ownerDesignName>book_db</ownerDesignName>
<referredTableLongName>BOOK</referredTableLongName>
<deleteRule>NO ACTION</deleteRule>
<referredTableID>A9B18CF6-BFD3-6EC4-9214-478857E61AE9</referredTableID>
<keyObject>1AE03D73-70F6-C125-38D4-970783B0711F</keyObject>
<referredKeyID>1AE03D73-70F6-C125-38D4-970783B0711F</referredKeyID>
<mandatory>true</mandatory>
<refColNames>ID</refColNames>
<transferable>true</transferable>
<rely>false</rely>
<columnDependencyConstraintGenerateInDDL>true</columnDependencyConstraintGenerateInDDL>
</FKIndexAssociation>