<?xml version = '1.0' encoding = 'UTF-8'?>
<FKIndexAssociation class="oracle.dbtools.crest.model.design.relational.FKIndexAssociation" directorySegmentName="seg_0" id="050C4C5E-09CA-CA9D-0D2D-7135DD782A0C" containerWithKeyObject="3957DA47-939C-2E30-4151-B77400DE3D1A" localFKIndex="52864EEF-55ED-0A84-24B3-BD67596D30E7" name="NOVEL_VERSION_AUTHOR_VERS_FK">
<createdBy>Крот</createdBy>
<createdTime>2022-07-11 10:01:26 UTC</createdTime>
<ownerDesignName>book_db</ownerDesignName>
<referredTableLongName>NOVEL_VERSION</referredTableLongName>
<deleteRule>NO ACTION</deleteRule>
<referredTableID>A81D36A5-4F0C-858A-5FD4-DA6E9E07C597</referredTableID>
<keyObject>87937F3F-55A1-904E-D57F-6B8782981E0D</keyObject>
<referredKeyID>87937F3F-55A1-904E-D57F-6B8782981E0D</referredKeyID>
<mandatory>true</mandatory>
<refColNames>ID</refColNames>
<transferable>true</transferable>
<rely>false</rely>
<columnDependencyConstraintGenerateInDDL>true</columnDependencyConstraintGenerateInDDL>
</FKIndexAssociation>