<?xml version = '1.0' encoding = 'UTF-8'?>
<FKIndexAssociation class="oracle.dbtools.crest.model.design.relational.FKIndexAssociation" directorySegmentName="seg_0" id="120C61C2-97E4-D638-8A34-F75F454AFB7F" containerWithKeyObject="A9B18CF6-BFD3-6EC4-9214-478857E61AE9" localFKIndex="1C293369-6942-9269-FD59-5164EA210C70" name="BOOK_READER_TYPE_FK">
<createdBy>Крот</createdBy>
<createdTime>2022-06-09 17:13:49 UTC</createdTime>
<ownerDesignName>book_db</ownerDesignName>
<referredTableLongName>READER_TYPE</referredTableLongName>
<deleteRule>NO ACTION</deleteRule>
<referredTableID>6B4DEC92-5A8A-5640-D85F-2B349AAD0533</referredTableID>
<keyObject>532F8285-6987-2EFB-57E8-8ED57AAE9D1E</keyObject>
<referredKeyID>532F8285-6987-2EFB-57E8-8ED57AAE9D1E</referredKeyID>
<mandatory>true</mandatory>
<refColNames>ID</refColNames>
<transferable>true</transferable>
<rely>false</rely>
<columnDependencyConstraintGenerateInDDL>true</columnDependencyConstraintGenerateInDDL>
</FKIndexAssociation>