<?xml version = '1.0' encoding = 'UTF-8'?>
<FKIndexAssociation class="oracle.dbtools.crest.model.design.relational.FKIndexAssociation" directorySegmentName="seg_0" id="2E9501FC-83D0-B5EA-FD6F-CCF63AE90C3E" containerWithKeyObject="A9B18CF6-BFD3-6EC4-9214-478857E61AE9" localFKIndex="83A0F3C2-3E6A-5FD9-843E-120D1B0FFA65" name="COVER_TYPE_BOOK_FK">
<createdBy>Крот</createdBy>
<createdTime>2022-06-14 16:19:19 UTC</createdTime>
<ownerDesignName>book_db</ownerDesignName>
<referredTableLongName>COVER_TYPE</referredTableLongName>
<deleteRule>NO ACTION</deleteRule>
<referredTableID>E7FE43E8-2165-76E5-41BD-5119D8424472</referredTableID>
<keyObject>07EFC825-4219-4000-5393-6AA4D7B9D5CA</keyObject>
<referredKeyID>07EFC825-4219-4000-5393-6AA4D7B9D5CA</referredKeyID>
<mandatory>true</mandatory>
<refColNames>ID</refColNames>
<transferable>true</transferable>
<rely>false</rely>
<columnDependencyConstraintGenerateInDDL>true</columnDependencyConstraintGenerateInDDL>
</FKIndexAssociation>