<?xml version = '1.0' encoding = 'UTF-8'?>
<FKIndexAssociation class="oracle.dbtools.crest.model.design.relational.FKIndexAssociation" directorySegmentName="seg_0" id="4159149E-8AD3-13F7-7E4F-11CCF64F32CE" containerWithKeyObject="D29F47D4-13E2-C720-51B0-AA77D35A41FC" localFKIndex="46E3C64D-D5F9-A1E3-6A9B-5914A9DE82AE" name="BOOK_BOOK_BOOK_GROUP_FK">
<createdBy>Крот</createdBy>
<createdTime>2022-06-14 16:29:16 UTC</createdTime>
<ownerDesignName>book_db</ownerDesignName>
<referredTableLongName>BOOK_GROUP</referredTableLongName>
<deleteRule>NO ACTION</deleteRule>
<referredTableID>58045409-379C-BB1C-A7C1-E906F7D8B9E1</referredTableID>
<keyObject>0D14DCF7-F736-4084-1AF8-541C66B75D10</keyObject>
<referredKeyID>0D14DCF7-F736-4084-1AF8-541C66B75D10</referredKeyID>
<mandatory>true</mandatory>
<refColNames>ID</refColNames>
<transferable>true</transferable>
<rely>false</rely>
<columnDependencyConstraintGenerateInDDL>true</columnDependencyConstraintGenerateInDDL>
</FKIndexAssociation>