<?xml version = '1.0' encoding = 'UTF-8'?>
<FKIndexAssociation class="oracle.dbtools.crest.model.design.relational.FKIndexAssociation" directorySegmentName="seg_0" id="417B0AF8-3867-AC43-6239-AB495911F972" containerWithKeyObject="4D27F69D-91B9-1324-2659-CEA9E5322564" localFKIndex="5346903B-936E-E59C-BCDB-A2C9AB4630F4" name="PRINT_TYPE_BOOK_FK">
<createdBy>Крот</createdBy>
<createdTime>2022-06-09 16:51:53 UTC</createdTime>
<generatorID>ADD23150-19A6-AA55-20EC-4BD594CBF40C</generatorID>
<ownerDesignName>book_db</ownerDesignName>
<referredTableLongName>BOOK</referredTableLongName>
<deleteRule>NO ACTION</deleteRule>
<referredTableID>A9B18CF6-BFD3-6EC4-9214-478857E61AE9</referredTableID>
<keyObject>1AE03D73-70F6-C125-38D4-970783B0711F</keyObject>
<referredKeyID>1AE03D73-70F6-C125-38D4-970783B0711F</referredKeyID>
<mandatory>true</mandatory>
<refColNames>ID</refColNames>
<transferable>true</transferable>
<rely>false</rely>
<columnDependencyConstraintGenerateInDDL>true</columnDependencyConstraintGenerateInDDL>
</FKIndexAssociation>