<?xml version = '1.0' encoding = 'UTF-8'?>
<FKIndexAssociation class="oracle.dbtools.crest.model.design.relational.FKIndexAssociation" directorySegmentName="seg_0" id="44D674CC-267E-4924-D3E1-265C41B5EEAC" containerWithKeyObject="A81D36A5-4F0C-858A-5FD4-DA6E9E07C597" localFKIndex="F2CE3523-943E-2A75-E397-8292687C55C7" name="NOVEL_VERSION_TYPE_FK">
<createdBy>Крот</createdBy>
<createdTime>2022-07-11 09:57:59 UTC</createdTime>
<ownerDesignName>book_db</ownerDesignName>
<referredTableLongName>NOVEL_VERSION_TYPE</referredTableLongName>
<deleteRule>NO ACTION</deleteRule>
<referredTableID>EFDE3A57-E3EE-0B37-58A8-FA793CA7ECAC</referredTableID>
<keyObject>78A40805-C129-5E9A-EA52-F9B2892FE1E6</keyObject>
<referredKeyID>78A40805-C129-5E9A-EA52-F9B2892FE1E6</referredKeyID>
<mandatory>true</mandatory>
<refColNames>ID</refColNames>
<transferable>true</transferable>
<rely>false</rely>
<columnDependencyConstraintGenerateInDDL>true</columnDependencyConstraintGenerateInDDL>
</FKIndexAssociation>