<?xml version = '1.0' encoding = 'UTF-8'?>
<FKIndexAssociation class="oracle.dbtools.crest.model.design.relational.FKIndexAssociation" directorySegmentName="seg_0" id="58C38694-C150-AF46-EFAD-1398249F28BA" containerWithKeyObject="A63FBFB4-1D5C-3B78-D3E8-88035EAEE9B7" localFKIndex="E95F6936-3584-C2B9-72D8-2E60B4FB28D1" name="NOVEL_GENRE_NOVEL_FK">
<createdBy>Крот</createdBy>
<createdTime>2022-07-11 10:18:17 UTC</createdTime>
<ownerDesignName>book_db</ownerDesignName>
<referredTableLongName>NOVEL</referredTableLongName>
<deleteRule>NO ACTION</deleteRule>
<referredTableID>E275FE16-34AB-48EA-01E0-F7C2D8FD85C8</referredTableID>
<keyObject>C6E58BFA-7CE0-66F0-58DF-DF4FC803A84E</keyObject>
<referredKeyID>C6E58BFA-7CE0-66F0-58DF-DF4FC803A84E</referredKeyID>
<mandatory>true</mandatory>
<refColNames>ID</refColNames>
<transferable>true</transferable>
<rely>false</rely>
<columnDependencyConstraintGenerateInDDL>true</columnDependencyConstraintGenerateInDDL>
</FKIndexAssociation>