<?xml version = '1.0' encoding = 'UTF-8'?>
<FKIndexAssociation class="oracle.dbtools.crest.model.design.relational.FKIndexAssociation" directorySegmentName="seg_0" id="6BA9005F-93DA-1B15-FF13-C7A9DB3A51B1" containerWithKeyObject="877A2E2E-411D-2196-CC07-3A6FC26B6945" localFKIndex="F9458391-4B07-6050-0C00-9C9AC99B44CD" name="NOVEL_VERSION_LANGUAGE_FK">
<createdBy>Крот</createdBy>
<createdTime>2022-07-11 10:06:28 UTC</createdTime>
<ownerDesignName>book_db</ownerDesignName>
<referredTableLongName>NOVEL_VERSION</referredTableLongName>
<deleteRule>NO ACTION</deleteRule>
<referredTableID>A81D36A5-4F0C-858A-5FD4-DA6E9E07C597</referredTableID>
<keyObject>87937F3F-55A1-904E-D57F-6B8782981E0D</keyObject>
<referredKeyID>87937F3F-55A1-904E-D57F-6B8782981E0D</referredKeyID>
<mandatory>true</mandatory>
<refColNames>ID</refColNames>
<transferable>true</transferable>
<rely>false</rely>
<columnDependencyConstraintGenerateInDDL>true</columnDependencyConstraintGenerateInDDL>
</FKIndexAssociation>