<?xml version = '1.0' encoding = 'UTF-8'?>
<FKIndexAssociation class="oracle.dbtools.crest.model.design.relational.FKIndexAssociation" directorySegmentName="seg_0" id="713794BD-E78F-513D-2E78-5805CE0A6A22" containerWithKeyObject="58045409-379C-BB1C-A7C1-E906F7D8B9E1" localFKIndex="18651571-8B36-7BA9-901E-A1631A247164" name="GROUP_TYPE_BOOK_GROUP_FK">
<createdBy>Крот</createdBy>
<createdTime>2022-06-14 16:25:17 UTC</createdTime>
<ownerDesignName>book_db</ownerDesignName>
<referredTableLongName>BOOK_GROUP_TYPE</referredTableLongName>
<deleteRule>NO ACTION</deleteRule>
<referredTableID>5B109FB2-10DD-7D29-7BDE-FD538E6423A3</referredTableID>
<keyObject>6E885455-E9D8-EC1C-1B6E-1CB20CBC9D38</keyObject>
<referredKeyID>6E885455-E9D8-EC1C-1B6E-1CB20CBC9D38</referredKeyID>
<mandatory>true</mandatory>
<refColNames>ID</refColNames>
<transferable>true</transferable>
<rely>false</rely>
<columnDependencyConstraintGenerateInDDL>true</columnDependencyConstraintGenerateInDDL>
</FKIndexAssociation>