<?xml version = '1.0' encoding = 'UTF-8'?>
<FKIndexAssociation class="oracle.dbtools.crest.model.design.relational.FKIndexAssociation" directorySegmentName="seg_0" id="7A965BFB-B3E5-4CC3-6E4A-BCD65C408A83" containerWithKeyObject="3957DA47-939C-2E30-4151-B77400DE3D1A" localFKIndex="64B1D25B-6D14-DEB2-505A-55F5ADABFBB8" name="NOVEL_VERSION_AUTHOR_AUTHOR_FK">
<createdBy>Крот</createdBy>
<createdTime>2022-07-11 10:01:21 UTC</createdTime>
<generatorID>97961DED-E0F5-6D61-D9EF-7AB9144E937D</generatorID>
<ownerDesignName>book_db</ownerDesignName>
<referredTableLongName>AUTHOR</referredTableLongName>
<deleteRule>NO ACTION</deleteRule>
<referredTableID>A23E19CC-FD10-9F0E-09C6-80344D4FCC75</referredTableID>
<keyObject>BA7DC33F-BD0B-5A9C-75C1-B2AB92C69A5E</keyObject>
<referredKeyID>BA7DC33F-BD0B-5A9C-75C1-B2AB92C69A5E</referredKeyID>
<mandatory>true</mandatory>
<refColNames>ID</refColNames>
<transferable>true</transferable>
<rely>false</rely>
<columnDependencyConstraintGenerateInDDL>true</columnDependencyConstraintGenerateInDDL>
</FKIndexAssociation>