<?xml version = '1.0' encoding = 'UTF-8'?>
<FKIndexAssociation class="oracle.dbtools.crest.model.design.relational.FKIndexAssociation" directorySegmentName="seg_0" id="7F9AD21A-E381-253F-F5A3-5CE03D9E0890" containerWithKeyObject="A9B18CF6-BFD3-6EC4-9214-478857E61AE9" localFKIndex="5F9CC2B9-3DC8-4296-ABCD-067D131638F6" name="BOOK_BOOK_TYPE_FK">
<createdBy>Крот</createdBy>
<createdTime>2022-06-14 16:33:49 UTC</createdTime>
<ownerDesignName>book_db</ownerDesignName>
<referredTableLongName>BOOK_TYPE</referredTableLongName>
<deleteRule>NO ACTION</deleteRule>
<referredTableID>E2C0ED9C-2415-0F64-C45F-78A88D367C7C</referredTableID>
<keyObject>01B1D688-3B7E-9299-7B69-7B17C7CC2813</keyObject>
<referredKeyID>01B1D688-3B7E-9299-7B69-7B17C7CC2813</referredKeyID>
<mandatory>true</mandatory>
<refColNames>ID</refColNames>
<transferable>true</transferable>
<rely>false</rely>
<columnDependencyConstraintGenerateInDDL>true</columnDependencyConstraintGenerateInDDL>
</FKIndexAssociation>