<?xml version = '1.0' encoding = 'UTF-8'?>
<FKIndexAssociation class="oracle.dbtools.crest.model.design.relational.FKIndexAssociation" directorySegmentName="seg_0" id="8265FAFA-276B-EEBC-57CE-48020407E1F7" containerWithKeyObject="A9B18CF6-BFD3-6EC4-9214-478857E61AE9" localFKIndex="C45091DD-B933-A2C2-FCDC-FA9246092D1C" name="BOOK_FORMAT_BOOK_FK">
<createdBy>Крот</createdBy>
<createdTime>2022-06-14 06:47:03 UTC</createdTime>
<ownerDesignName>book_db</ownerDesignName>
<referredTableLongName>BOOK_FORMAT</referredTableLongName>
<deleteRule>NO ACTION</deleteRule>
<referredTableID>8C50DBA1-EB5E-0C98-90E8-2F004A1181D2</referredTableID>
<keyObject>2A1627EC-7861-AF8B-4FF3-B8E3B8D81A3D</keyObject>
<referredKeyID>2A1627EC-7861-AF8B-4FF3-B8E3B8D81A3D</referredKeyID>
<mandatory>true</mandatory>
<refColNames>ID</refColNames>
<transferable>true</transferable>
<rely>false</rely>
<columnDependencyConstraintGenerateInDDL>true</columnDependencyConstraintGenerateInDDL>
</FKIndexAssociation>