<?xml version = '1.0' encoding = 'UTF-8'?>
<FKIndexAssociation class="oracle.dbtools.crest.model.design.relational.FKIndexAssociation" directorySegmentName="seg_0" id="966CDE11-CE1A-89A5-90FE-D833F58EBEFB" containerWithKeyObject="FFE87DED-0108-0557-E17E-52F6DA044A6D" localFKIndex="25175EFB-06A5-0FA4-3E17-A567DBF53392" name="BOOK_CONTENT_BOOK_FK">
<createdBy>Крот</createdBy>
<createdTime>2022-07-11 10:10:07 UTC</createdTime>
<generatorID>ADD23150-19A6-AA55-20EC-4BD594CBF40C</generatorID>
<ownerDesignName>book_db</ownerDesignName>
<referredTableLongName>BOOK</referredTableLongName>
<deleteRule>NO ACTION</deleteRule>
<referredTableID>A9B18CF6-BFD3-6EC4-9214-478857E61AE9</referredTableID>
<keyObject>1AE03D73-70F6-C125-38D4-970783B0711F</keyObject>
<referredKeyID>1AE03D73-70F6-C125-38D4-970783B0711F</referredKeyID>
<mandatory>true</mandatory>
<refColNames>ID</refColNames>
<transferable>true</transferable>
<rely>false</rely>
<columnDependencyConstraintGenerateInDDL>true</columnDependencyConstraintGenerateInDDL>
</FKIndexAssociation>