<?xml version = '1.0' encoding = 'UTF-8'?>
<FKIndexAssociation class="oracle.dbtools.crest.model.design.relational.FKIndexAssociation" directorySegmentName="seg_0" id="9705AEC5-158D-97BA-B214-C656BAD4C8F7" containerWithKeyObject="3957DA47-939C-2E30-4151-B77400DE3D1A" localFKIndex="0220B8FA-43A0-01C4-D575-F4ACB0F30326" name="NOVEL_VERSION_AUTHOR_ROLE_FK">
<createdBy>Крот</createdBy>
<createdTime>2022-07-11 10:03:10 UTC</createdTime>
<ownerDesignName>book_db</ownerDesignName>
<referredTableLongName>AUTHOR_ROLE</referredTableLongName>
<deleteRule>NO ACTION</deleteRule>
<referredTableID>D7F228F5-4DBC-BB88-09C7-349506379C40</referredTableID>
<keyObject>6C623DC7-1D75-736B-9711-6D25B943D874</keyObject>
<referredKeyID>6C623DC7-1D75-736B-9711-6D25B943D874</referredKeyID>
<mandatory>true</mandatory>
<refColNames>ID</refColNames>
<transferable>true</transferable>
<rely>false</rely>
<columnDependencyConstraintGenerateInDDL>true</columnDependencyConstraintGenerateInDDL>
</FKIndexAssociation>