<?xml version = '1.0' encoding = 'UTF-8'?>
<FKIndexAssociation class="oracle.dbtools.crest.model.design.relational.FKIndexAssociation" directorySegmentName="seg_0" id="9921841A-1D2E-F215-CF15-56D4EE7195F3" containerWithKeyObject="8C50DBA1-EB5E-0C98-90E8-2F004A1181D2" localFKIndex="BB10F023-493E-83E1-9AB0-C96F13847914" name="BOOK_FORMAT_GROUP_FK">
<createdBy>Крот</createdBy>
<createdTime>2022-06-09 16:38:23 UTC</createdTime>
<ownerDesignName>book_db</ownerDesignName>
<referredTableLongName>BOOK_FORMAT_GROUP</referredTableLongName>
<deleteRule>NO ACTION</deleteRule>
<referredTableID>8523760C-D8A9-6967-C5E5-77D0F580C10B</referredTableID>
<keyObject>AB39A041-D66A-21E4-3018-CD0B14C9AC13</keyObject>
<referredKeyID>AB39A041-D66A-21E4-3018-CD0B14C9AC13</referredKeyID>
<mandatory>true</mandatory>
<refColNames>ID</refColNames>
<transferable>true</transferable>
<rely>false</rely>
<columnDependencyConstraintGenerateInDDL>true</columnDependencyConstraintGenerateInDDL>
</FKIndexAssociation>