<?xml version = '1.0' encoding = 'UTF-8'?>
<FKIndexAssociation class="oracle.dbtools.crest.model.design.relational.FKIndexAssociation" directorySegmentName="seg_0" id="B097E0A6-9000-4420-17A6-18DD9C583AD5" containerWithKeyObject="337FF442-EA1D-1966-EB10-EC24B196592B" localFKIndex="936A0C1F-894B-79DD-4DA7-20475341994A" name="NOVEL_AUTHOR_AUTHOR_FK">
<createdBy>Крот</createdBy>
<createdTime>2022-07-11 09:52:52 UTC</createdTime>
<generatorID>97961DED-E0F5-6D61-D9EF-7AB9144E937D</generatorID>
<ownerDesignName>book_db</ownerDesignName>
<referredTableLongName>AUTHOR</referredTableLongName>
<deleteRule>NO ACTION</deleteRule>
<referredTableID>A23E19CC-FD10-9F0E-09C6-80344D4FCC75</referredTableID>
<keyObject>BA7DC33F-BD0B-5A9C-75C1-B2AB92C69A5E</keyObject>
<referredKeyID>BA7DC33F-BD0B-5A9C-75C1-B2AB92C69A5E</referredKeyID>
<mandatory>true</mandatory>
<refColNames>ID</refColNames>
<transferable>true</transferable>
<rely>false</rely>
<columnDependencyConstraintGenerateInDDL>true</columnDependencyConstraintGenerateInDDL>
</FKIndexAssociation>