<?xml version = '1.0' encoding = 'UTF-8'?>
<FKIndexAssociation class="oracle.dbtools.crest.model.design.relational.FKIndexAssociation" directorySegmentName="seg_0" id="B0983D67-87ED-809F-68C3-FFD410F63458" containerWithKeyObject="877A2E2E-411D-2196-CC07-3A6FC26B6945" localFKIndex="65B35B85-E06A-FCA7-B9CB-414E59E7F128" name="NOVEL_VERSION_LANGUAGE_LANG_FK">
<createdBy>Крот</createdBy>
<createdTime>2022-07-11 10:06:36 UTC</createdTime>
<ownerDesignName>book_db</ownerDesignName>
<referredTableLongName>LANGUAGE</referredTableLongName>
<deleteRule>NO ACTION</deleteRule>
<referredTableID>EAC07509-EB80-FAEB-6C55-D08B8011236C</referredTableID>
<keyObject>7565F9EB-D56D-46DF-EE0F-4265F90DCF43</keyObject>
<referredKeyID>7565F9EB-D56D-46DF-EE0F-4265F90DCF43</referredKeyID>
<mandatory>true</mandatory>
<refColNames>ID</refColNames>
<transferable>true</transferable>
<rely>false</rely>
<columnDependencyConstraintGenerateInDDL>true</columnDependencyConstraintGenerateInDDL>
</FKIndexAssociation>