<?xml version = '1.0' encoding = 'UTF-8'?>
<FKIndexAssociation class="oracle.dbtools.crest.model.design.relational.FKIndexAssociation" directorySegmentName="seg_0" id="B2A5F24F-B705-B6B8-96AB-ECC6B35ED536" containerWithKeyObject="4D27F69D-91B9-1324-2659-CEA9E5322564" localFKIndex="78DB8A81-1D99-2D93-FC8D-C3F11486CE06" name="BOOK_PRINT_TYPE_FK">
<createdBy>Крот</createdBy>
<createdTime>2022-06-09 16:52:05 UTC</createdTime>
<ownerDesignName>book_db</ownerDesignName>
<referredTableLongName>PRINT_TYPE</referredTableLongName>
<deleteRule>NO ACTION</deleteRule>
<referredTableID>D555B108-016B-F323-F76A-4F16BAA1A09F</referredTableID>
<keyObject>5CF78FAE-38B3-87B1-A590-DBC41DB4AC7A</keyObject>
<referredKeyID>5CF78FAE-38B3-87B1-A590-DBC41DB4AC7A</referredKeyID>
<mandatory>true</mandatory>
<refColNames>ID</refColNames>
<transferable>true</transferable>
<rely>false</rely>
<columnDependencyConstraintGenerateInDDL>true</columnDependencyConstraintGenerateInDDL>
</FKIndexAssociation>