<?xml version = '1.0' encoding = 'UTF-8'?>
<FKIndexAssociation class="oracle.dbtools.crest.model.design.relational.FKIndexAssociation" directorySegmentName="seg_0" id="CE532B52-EF47-77AF-2AC1-60651682F0A3" containerWithKeyObject="E2FC8958-69FF-6790-876B-353E54F18124" localFKIndex="163A53D7-41E3-A585-8904-4F6B6B9AFEF7" name="PAPER_BOOK_PAPER_FK">
<createdBy>Крот</createdBy>
<createdTime>2022-06-16 16:19:17 UTC</createdTime>
<generatorID>CD78586D-181B-8CA4-2736-D730EEC1C4A4</generatorID>
<ownerDesignName>book_db</ownerDesignName>
<referredTableLongName>PAPER_TYPE</referredTableLongName>
<deleteRule>NO ACTION</deleteRule>
<referredTableID>BFD48B02-F7F0-2F61-0B17-8C44B29E9582</referredTableID>
<keyObject>82C86832-B8AF-2486-8898-7820A0D651B6</keyObject>
<referredKeyID>82C86832-B8AF-2486-8898-7820A0D651B6</referredKeyID>
<mandatory>true</mandatory>
<refColNames>ID</refColNames>
<transferable>true</transferable>
<rely>false</rely>
<columnDependencyConstraintGenerateInDDL>true</columnDependencyConstraintGenerateInDDL>
</FKIndexAssociation>