<?xml version = '1.0' encoding = 'UTF-8'?>
<FKIndexAssociation class="oracle.dbtools.crest.model.design.relational.FKIndexAssociation" directorySegmentName="seg_0" id="D1974322-0B70-9248-0AA5-D99DFE3260E3" containerWithKeyObject="88C1A5B6-0B75-7E32-CB23-14193CAAF260" localFKIndex="5DF33B2D-9DDE-733D-659F-70E988ADB068" name="PUBLISH_GROUP_BOOK_FK">
<createdBy>Крот</createdBy>
<createdTime>2022-06-09 17:17:27 UTC</createdTime>
<generatorID>ADD23150-19A6-AA55-20EC-4BD594CBF40C</generatorID>
<ownerDesignName>book_db</ownerDesignName>
<referredTableLongName>BOOK</referredTableLongName>
<deleteRule>NO ACTION</deleteRule>
<referredTableID>A9B18CF6-BFD3-6EC4-9214-478857E61AE9</referredTableID>
<keyObject>1AE03D73-70F6-C125-38D4-970783B0711F</keyObject>
<referredKeyID>1AE03D73-70F6-C125-38D4-970783B0711F</referredKeyID>
<mandatory>true</mandatory>
<refColNames>ID</refColNames>
<transferable>true</transferable>
<rely>false</rely>
<columnDependencyConstraintGenerateInDDL>true</columnDependencyConstraintGenerateInDDL>
</FKIndexAssociation>