<?xml version = '1.0' encoding = 'UTF-8'?>
<FKIndexAssociation class="oracle.dbtools.crest.model.design.relational.FKIndexAssociation" directorySegmentName="seg_0" id="D70CB290-D9D9-A3DA-2E1C-9E27CF82471C" containerWithKeyObject="337FF442-EA1D-1966-EB10-EC24B196592B" localFKIndex="6B3B8E71-42D7-A54D-DC91-544FD8AD0A5D" name="NOVEL_AUTHOR_NOVEL_FK">
<createdBy>Крот</createdBy>
<createdTime>2022-07-11 09:52:41 UTC</createdTime>
<ownerDesignName>book_db</ownerDesignName>
<referredTableLongName>NOVEL</referredTableLongName>
<deleteRule>NO ACTION</deleteRule>
<referredTableID>E275FE16-34AB-48EA-01E0-F7C2D8FD85C8</referredTableID>
<keyObject>C6E58BFA-7CE0-66F0-58DF-DF4FC803A84E</keyObject>
<referredKeyID>C6E58BFA-7CE0-66F0-58DF-DF4FC803A84E</referredKeyID>
<mandatory>true</mandatory>
<refColNames>ID</refColNames>
<transferable>true</transferable>
<rely>false</rely>
<columnDependencyConstraintGenerateInDDL>true</columnDependencyConstraintGenerateInDDL>
</FKIndexAssociation>