<?xml version = '1.0' encoding = 'UTF-8'?>
<FKIndexAssociation class="oracle.dbtools.crest.model.design.relational.FKIndexAssociation" directorySegmentName="seg_0" id="D7B82DF4-DD81-1B5A-C16C-BDE862C47D2C" containerWithKeyObject="A63FBFB4-1D5C-3B78-D3E8-88035EAEE9B7" localFKIndex="913DAAB7-04F4-5113-744D-3929117D6EE9" name="NOVEL_GENRE_GENRE_FK">
<createdBy>Крот</createdBy>
<createdTime>2022-07-11 10:18:13 UTC</createdTime>
<generatorID>022D60AC-BCBE-50C9-1658-63F671A2518B</generatorID>
<ownerDesignName>book_db</ownerDesignName>
<referredTableLongName>GENRE</referredTableLongName>
<deleteRule>NO ACTION</deleteRule>
<referredTableID>09F8AB82-B1A6-E301-2E7C-7801A647269C</referredTableID>
<keyObject>D761D235-C700-9415-3736-090BF7C985C6</keyObject>
<referredKeyID>D761D235-C700-9415-3736-090BF7C985C6</referredKeyID>
<mandatory>true</mandatory>
<refColNames>ID</refColNames>
<transferable>true</transferable>
<rely>false</rely>
<columnDependencyConstraintGenerateInDDL>true</columnDependencyConstraintGenerateInDDL>
</FKIndexAssociation>