<?xml version = '1.0' encoding = 'UTF-8'?>
<FKIndexAssociation class="oracle.dbtools.crest.model.design.relational.FKIndexAssociation" directorySegmentName="seg_0" id="E0D9D238-5E69-8DFA-09A6-16E01BC81A3D" containerWithKeyObject="52811135-20BD-ECC5-F91A-014962541CB5" localFKIndex="35FC84AF-ABE8-9ACA-C370-D197ED2467DE" name="PUBLISH_HOUSE_BOOK_FK">
<createdBy>Крот</createdBy>
<createdTime>2022-06-14 17:10:07 UTC</createdTime>
<ownerDesignName>book_db</ownerDesignName>
<referredTableLongName>PUBLISH_HOUSE</referredTableLongName>
<deleteRule>NO ACTION</deleteRule>
<referredTableID>57389376-BB83-0F7E-BB16-C5423D570EF9</referredTableID>
<keyObject>0942F55A-6444-81C5-5712-9CC91F4B2E04</keyObject>
<referredKeyID>0942F55A-6444-81C5-5712-9CC91F4B2E04</referredKeyID>
<mandatory>true</mandatory>
<refColNames>ID</refColNames>
<transferable>true</transferable>
<rely>false</rely>
<columnDependencyConstraintGenerateInDDL>true</columnDependencyConstraintGenerateInDDL>
</FKIndexAssociation>