<?xml version = '1.0' encoding = 'UTF-8'?>
<FKIndexAssociation class="oracle.dbtools.crest.model.design.relational.FKIndexAssociation" directorySegmentName="seg_0" id="E75DC106-B270-4051-CAD2-AF20A0487981" containerWithKeyObject="FFE87DED-0108-0557-E17E-52F6DA044A6D" localFKIndex="DF4FF41A-B4EC-70B5-EFCB-265540FF94DA" name="BOOK_CONTENT_NOVEL_VERSION_FK">
<createdBy>Крот</createdBy>
<createdTime>2022-07-11 10:10:15 UTC</createdTime>
<ownerDesignName>book_db</ownerDesignName>
<referredTableLongName>NOVEL_VERSION</referredTableLongName>
<deleteRule>NO ACTION</deleteRule>
<referredTableID>A81D36A5-4F0C-858A-5FD4-DA6E9E07C597</referredTableID>
<keyObject>87937F3F-55A1-904E-D57F-6B8782981E0D</keyObject>
<referredKeyID>87937F3F-55A1-904E-D57F-6B8782981E0D</referredKeyID>
<mandatory>true</mandatory>
<refColNames>ID</refColNames>
<transferable>true</transferable>
<rely>false</rely>
<columnDependencyConstraintGenerateInDDL>true</columnDependencyConstraintGenerateInDDL>
</FKIndexAssociation>