<?xml version = '1.0' encoding = 'UTF-8'?>
<FKIndexAssociation class="oracle.dbtools.crest.model.design.relational.FKIndexAssociation" directorySegmentName="seg_0" id="E863F2F8-D2D8-99FD-0DB6-2B087782DB5E" containerWithKeyObject="88C1A5B6-0B75-7E32-CB23-14193CAAF260" localFKIndex="14F6AAFC-6872-C448-E0D6-6070815F2133" name="PUBLISH_GROUP_ROLE_FK">
<createdBy>Крот</createdBy>
<createdTime>2022-06-09 17:19:43 UTC</createdTime>
<ownerDesignName>book_db</ownerDesignName>
<referredTableLongName>PUBLISH_GROUP_ROLE</referredTableLongName>
<deleteRule>NO ACTION</deleteRule>
<referredTableID>E3D611B1-6BD8-D8C1-F2C7-1FE2687C21B9</referredTableID>
<keyObject>32ED7ED5-9C1D-452D-0A58-61A7EBD8DC2B</keyObject>
<referredKeyID>32ED7ED5-9C1D-452D-0A58-61A7EBD8DC2B</referredKeyID>
<mandatory>true</mandatory>
<refColNames>ID</refColNames>
<transferable>true</transferable>
<rely>false</rely>
<columnDependencyConstraintGenerateInDDL>true</columnDependencyConstraintGenerateInDDL>
</FKIndexAssociation>