<?xml version = '1.0' encoding = 'UTF-8'?>
<FKIndexAssociation class="oracle.dbtools.crest.model.design.relational.FKIndexAssociation" directorySegmentName="seg_0" id="FC167232-E1C3-F42A-B0B5-971AF7A1E083" containerWithKeyObject="A9B18CF6-BFD3-6EC4-9214-478857E61AE9" localFKIndex="77A14047-9B49-F044-8267-4342FFB5A47A" name="BOOK_LANGUAGE_FK">
<createdBy>Крот</createdBy>
<createdTime>2022-07-11 10:15:20 UTC</createdTime>
<ownerDesignName>book_db</ownerDesignName>
<referredTableLongName>LANGUAGE</referredTableLongName>
<deleteRule>NO ACTION</deleteRule>
<referredTableID>EAC07509-EB80-FAEB-6C55-D08B8011236C</referredTableID>
<keyObject>7565F9EB-D56D-46DF-EE0F-4265F90DCF43</keyObject>
<referredKeyID>7565F9EB-D56D-46DF-EE0F-4265F90DCF43</referredKeyID>
<mandatory>true</mandatory>
<refColNames>ID</refColNames>
<transferable>true</transferable>
<rely>false</rely>
<columnDependencyConstraintGenerateInDDL>true</columnDependencyConstraintGenerateInDDL>
</FKIndexAssociation>