<?xml version = '1.0' encoding = 'UTF-8'?>
<FKIndexAssociation class="oracle.dbtools.crest.model.design.relational.FKIndexAssociation" directorySegmentName="seg_0" id="FE50F15F-E187-8414-C08F-BE553FC41033" containerWithKeyObject="E2FC8958-69FF-6790-876B-353E54F18124" localFKIndex="4CCBFB33-66A3-B3EA-C840-6E975E960B1B" name="BOOK_PAPER_BOOK_FK">
<createdBy>Крот</createdBy>
<createdTime>2022-06-16 16:19:17 UTC</createdTime>
<generatorID>CD78586D-181B-8CA4-2736-D730EEC1C4A4</generatorID>
<ownerDesignName>book_db</ownerDesignName>
<referredTableLongName>BOOK</referredTableLongName>
<deleteRule>NO ACTION</deleteRule>
<referredTableID>A9B18CF6-BFD3-6EC4-9214-478857E61AE9</referredTableID>
<keyObject>1AE03D73-70F6-C125-38D4-970783B0711F</keyObject>
<referredKeyID>1AE03D73-70F6-C125-38D4-970783B0711F</referredKeyID>
<mandatory>true</mandatory>
<refColNames>ID</refColNames>
<transferable>true</transferable>
<rely>false</rely>
<columnDependencyConstraintGenerateInDDL>true</columnDependencyConstraintGenerateInDDL>
</FKIndexAssociation>