<?xml version = '1.0' encoding = 'UTF-8'?>
<Table class="oracle.dbtools.crest.model.design.relational.Table" directorySegmentName="seg_0" id="136813A5-E61A-4BFF-CE56-A36094AED5AE" name="Relation_4">
<createdBy>Крот</createdBy>
<createdTime>2022-06-04 18:29:12 UTC</createdTime>
<ownerDesignName>book_db</ownerDesignName>
<allowColumnReorder>false</allowColumnReorder>
<existDependencyGenerateInDDl>true</existDependencyGenerateInDDl>
<parsed>true</parsed>
<columns itemClass="oracle.dbtools.crest.model.design.relational.Column">
<Column name="Entity_4_Entity_4_ID" id="856E223B-CBA7-4AD3-7529-69989A4892C4">
<createdBy>Крот</createdBy>
<createdTime>2022-06-04 18:29:12 UTC</createdTime>
<ownerDesignName>book_db</ownerDesignName>
<useDomainConstraints>false</useDomainConstraints>
<use>1</use>
<logicalDatatype>LOGDT019</logicalDatatype>
<ownDataTypeParameters>,,</ownDataTypeParameters>
<previousColumn>false</previousColumn>
<autoIncrementCycle>false</autoIncrementCycle>
<associations>
<colAssociation fkAssociation="39EA0C5C-C730-DBF2-6033-135AAA0A86B8" referredColumn="EA0AEE7F-CC03-04B2-A987-F57F4FEB4784"/>
</associations>
</Column>
<Column name="Entity_5_Entity_5_ID" id="1CBA23BB-4268-DF86-8DAA-21E6D6400377">
<createdBy>Крот</createdBy>
<createdTime>2022-06-04 18:29:12 UTC</createdTime>
<ownerDesignName>book_db</ownerDesignName>
<useDomainConstraints>false</useDomainConstraints>
<use>1</use>
<logicalDatatype>LOGDT019</logicalDatatype>
<ownDataTypeParameters>,,</ownDataTypeParameters>
<previousColumn>false</previousColumn>
<autoIncrementCycle>false</autoIncrementCycle>
<associations>
<colAssociation fkAssociation="FC45D345-F1AA-6262-B2C6-6FA0AEBBB7C8" referredColumn="34066061-4596-2E02-D454-40BECC457C23"/>
</associations>
</Column>
</columns>
<indexes itemClass="oracle.dbtools.crest.model.design.relational.Index">
<ind_PK_UK id="47D9BF9D-DDD4-F270-2339-708526F44479" name="Relation_4_PK">
<createdBy>Крот</createdBy>
<createdTime>2022-06-04 18:29:12 UTC</createdTime>
<ownerDesignName>book_db</ownerDesignName>
<pk>true</pk>
<indexState>Primary Constraint</indexState>
<isSurrogateKey>false</isSurrogateKey>
<indexColumnUsage>
<colUsage columnID="856E223B-CBA7-4AD3-7529-69989A4892C4"/>
<colUsage columnID="1CBA23BB-4268-DF86-8DAA-21E6D6400377"/>
</indexColumnUsage>
</ind_PK_UK>
<ind_PK_UK id="75D2BD49-270B-4FDE-C13A-407B046CFF77" name="Relation_4_Entity_4_FK">
<createdBy>Крот</createdBy>
<createdTime>2022-06-04 18:29:12 UTC</createdTime>
<generatorID>B757F229-EF75-B622-286F-5B6830DC4E1D</generatorID>
<ownerDesignName>book_db</ownerDesignName>
<indexState>Foreign Key</indexState>
<isSurrogateKey>false</isSurrogateKey>
<indexColumnUsage>
<colUsage columnID="856E223B-CBA7-4AD3-7529-69989A4892C4"/>
</indexColumnUsage>
</ind_PK_UK>
<ind_PK_UK id="0A7813BD-E8DE-FFCB-16DC-57F6A0A1DD61" name="Relation_4_Entity_5_FK">
<createdBy>Крот</createdBy>
<createdTime>2022-06-04 18:29:12 UTC</createdTime>
<generatorID>B757F229-EF75-B622-286F-5B6830DC4E1D</generatorID>
<ownerDesignName>book_db</ownerDesignName>
<indexState>Foreign Key</indexState>
<isSurrogateKey>false</isSurrogateKey>
<indexColumnUsage>
<colUsage columnID="1CBA23BB-4268-DF86-8DAA-21E6D6400377"/>
</indexColumnUsage>
</ind_PK_UK>
</indexes>
</Table>