<?xml version = '1.0' encoding = 'UTF-8'?>
<Table class="oracle.dbtools.crest.model.design.relational.Table" directorySegmentName="seg_0" id="19CE8907-C694-E026-8D27-1171E6990760" name="Relation_3">
<createdBy>Крот</createdBy>
<createdTime>2022-06-04 18:29:12 UTC</createdTime>
<ownerDesignName>book_db</ownerDesignName>
<allowColumnReorder>false</allowColumnReorder>
<existDependencyGenerateInDDl>true</existDependencyGenerateInDDl>
<parsed>true</parsed>
<columns itemClass="oracle.dbtools.crest.model.design.relational.Column">
<Column name="Книга_ИД" id="E20B9953-C985-BBF8-E0F3-14621D105B70">
<createdBy>Крот</createdBy>
<createdTime>2022-06-04 18:29:12 UTC</createdTime>
<ownerDesignName>book_db</ownerDesignName>
<useDomainConstraints>false</useDomainConstraints>
<use>1</use>
<logicalDatatype>LOGDT019</logicalDatatype>
<ownDataTypeParameters>,,</ownDataTypeParameters>
<previousColumn>false</previousColumn>
<autoIncrementCycle>false</autoIncrementCycle>
<associations>
<colAssociation fkAssociation="F9D8B9D5-99AD-3AF5-2183-F2CC6176BD1E" referredColumn="2EE366FC-6982-9531-128F-044169C81560"/>
</associations>
</Column>
<Column name="Жанр_ИД" id="C9F51C8F-09EA-1A3C-D664-5D6D7EEDD41A">
<createdBy>Крот</createdBy>
<createdTime>2022-06-04 18:29:12 UTC</createdTime>
<ownerDesignName>book_db</ownerDesignName>
<useDomainConstraints>false</useDomainConstraints>
<use>1</use>
<logicalDatatype>LOGDT019</logicalDatatype>
<ownDataTypeParameters>,,</ownDataTypeParameters>
<previousColumn>false</previousColumn>
<autoIncrementCycle>false</autoIncrementCycle>
<associations>
<colAssociation fkAssociation="3543D919-8017-C4B6-29E0-481E1E2DF864" referredColumn="902B2021-D7D5-96E2-5897-05B4E0F0D7AF"/>
</associations>
</Column>
</columns>
<indexes itemClass="oracle.dbtools.crest.model.design.relational.Index">
<ind_PK_UK id="140B36BB-F631-F05E-6C2D-1C6483D27643" name="Relation_3_PK">
<createdBy>Крот</createdBy>
<createdTime>2022-06-04 18:29:12 UTC</createdTime>
<ownerDesignName>book_db</ownerDesignName>
<pk>true</pk>
<indexState>Primary Constraint</indexState>
<isSurrogateKey>false</isSurrogateKey>
<indexColumnUsage>
<colUsage columnID="E20B9953-C985-BBF8-E0F3-14621D105B70"/>
<colUsage columnID="C9F51C8F-09EA-1A3C-D664-5D6D7EEDD41A"/>
</indexColumnUsage>
</ind_PK_UK>
<ind_PK_UK id="E5D85F8A-B7E5-821A-2548-96038773520C" name="Relation_3_Книга_FK">
<createdBy>Крот</createdBy>
<createdTime>2022-06-04 18:29:12 UTC</createdTime>
<generatorID>CD78586D-181B-8CA4-2736-D730EEC1C4A4</generatorID>
<ownerDesignName>book_db</ownerDesignName>
<indexState>Foreign Key</indexState>
<isSurrogateKey>false</isSurrogateKey>
<indexColumnUsage>
<colUsage columnID="E20B9953-C985-BBF8-E0F3-14621D105B70"/>
</indexColumnUsage>
</ind_PK_UK>
<ind_PK_UK id="85A95767-BD70-1F0E-8BAE-32BCC97D79A1" name="Relation_3_Жанр_FK">
<createdBy>Крот</createdBy>
<createdTime>2022-06-04 18:29:12 UTC</createdTime>
<generatorID>CD78586D-181B-8CA4-2736-D730EEC1C4A4</generatorID>
<ownerDesignName>book_db</ownerDesignName>
<indexState>Foreign Key</indexState>
<isSurrogateKey>false</isSurrogateKey>
<indexColumnUsage>
<colUsage columnID="C9F51C8F-09EA-1A3C-D664-5D6D7EEDD41A"/>
</indexColumnUsage>
</ind_PK_UK>
</indexes>
</Table>