<?xml version = '1.0' encoding = 'UTF-8'?>
<Table class="oracle.dbtools.crest.model.design.relational.Table" directorySegmentName="seg_0" id="285B4FF6-511C-4A73-9C36-5ACD44F4493F" name="BOOK">
<createdBy>Крот</createdBy>
<createdTime>2022-06-04 20:13:26 UTC</createdTime>
<ownerDesignName>book_db</ownerDesignName>
<ordsAlias>table_15</ordsAlias>
<allowColumnReorder>false</allowColumnReorder>
<existDependencyGenerateInDDl>true</existDependencyGenerateInDDl>
<parsed>true</parsed>
<columns itemClass="oracle.dbtools.crest.model.design.relational.Column">
<Column name="ID" id="0D63CAA6-DA63-BBF4-0CA2-7727ADD61313">
<createdBy>Крот</createdBy>
<createdTime>2022-06-04 20:13:54 UTC</createdTime>
<ownerDesignName>book_db</ownerDesignName>
<useDomainConstraints>false</useDomainConstraints>
<use>1</use>
<logicalDatatype>LOGDT019</logicalDatatype>
<ownDataTypeParameters>,,</ownDataTypeParameters>
<autoIncrementCycle>false</autoIncrementCycle>
</Column>
<Column name="BOOK_NAME" id="73590B2E-765F-CFA0-5503-DE0A5C48FCCA">
<createdBy>Крот</createdBy>
<createdTime>2022-06-04 20:14:12 UTC</createdTime>
<ownerDesignName>book_db</ownerDesignName>
<nullsAllowed>true</nullsAllowed>
<useDomainConstraints>false</useDomainConstraints>
<use>1</use>
<logicalDatatype>LOGDT024</logicalDatatype>
<ownDataTypeParameters>,,</ownDataTypeParameters>
<autoIncrementCycle>false</autoIncrementCycle>
</Column>
<Column name="ISBN" id="B9D1616B-A908-56E5-A817-6C339846005A">
<createdBy>Крот</createdBy>
<createdTime>2022-06-04 20:14:28 UTC</createdTime>
<ownerDesignName>book_db</ownerDesignName>
<nullsAllowed>true</nullsAllowed>
<useDomainConstraints>false</useDomainConstraints>
<use>1</use>
<logicalDatatype>LOGDT024</logicalDatatype>
<ownDataTypeParameters>,,</ownDataTypeParameters>
<autoIncrementCycle>false</autoIncrementCycle>
</Column>
<Column name="PUBLISH_YEAR" id="0A810706-5584-C3A0-81C8-43D58CB47A60">
<createdBy>Крот</createdBy>
<createdTime>2022-06-04 20:15:11 UTC</createdTime>
<ownerDesignName>book_db</ownerDesignName>
<nullsAllowed>true</nullsAllowed>
<useDomainConstraints>false</useDomainConstraints>
<use>1</use>
<logicalDatatype>LOGDT019</logicalDatatype>
<ownDataTypeParameters>,,</ownDataTypeParameters>
<autoIncrementCycle>false</autoIncrementCycle>
</Column>
<Column name="UDK" id="9263A80D-521A-F5C6-0ED0-31B12253DFB7">
<createdBy>Крот</createdBy>
<createdTime>2022-06-04 20:15:48 UTC</createdTime>
<ownerDesignName>book_db</ownerDesignName>
<nullsAllowed>true</nullsAllowed>
<useDomainConstraints>false</useDomainConstraints>
<use>1</use>
<logicalDatatype>LOGDT024</logicalDatatype>
<ownDataTypeParameters>,,</ownDataTypeParameters>
<autoIncrementCycle>false</autoIncrementCycle>
</Column>
<Column name="BBK" id="2E1FEEBA-6045-E8A4-53D9-D5A8934FCC8B">
<createdBy>Крот</createdBy>
<createdTime>2022-06-04 20:15:48 UTC</createdTime>
<ownerDesignName>book_db</ownerDesignName>
<nullsAllowed>true</nullsAllowed>
<useDomainConstraints>false</useDomainConstraints>
<use>1</use>
<logicalDatatype>LOGDT024</logicalDatatype>
<ownDataTypeParameters>,,</ownDataTypeParameters>
<autoIncrementCycle>false</autoIncrementCycle>
</Column>
</columns>
<indexes itemClass="oracle.dbtools.crest.model.design.relational.Index">
<ind_PK_UK id="FA52CBEE-9421-100C-8CAE-D43C9F65F7D0" name="BOOK_PK">
<createdBy>Крот</createdBy>
<createdTime>2022-06-04 20:13:54 UTC</createdTime>
<ownerDesignName>book_db</ownerDesignName>
<pk>true</pk>
<indexState>Primary Constraint</indexState>
<isSurrogateKey>false</isSurrogateKey>
<indexColumnUsage>
<colUsage columnID="0D63CAA6-DA63-BBF4-0CA2-7727ADD61313"/>
</indexColumnUsage>
</ind_PK_UK>
</indexes>
</Table>