<?xml version = '1.0' encoding = 'UTF-8'?>
<Table class="oracle.dbtools.crest.model.design.relational.Table" directorySegmentName="seg_0" id="2CB3DB87-6870-6E1F-E8A2-33BC1D760258" name="Relation_6">
<createdBy>Крот</createdBy>
<createdTime>2022-06-04 18:29:12 UTC</createdTime>
<ownerDesignName>book_db</ownerDesignName>
<allowColumnReorder>false</allowColumnReorder>
<existDependencyGenerateInDDl>true</existDependencyGenerateInDDl>
<parsed>true</parsed>
<columns itemClass="oracle.dbtools.crest.model.design.relational.Column">
<Column name="Entity_8_Entity_8_ID" id="FD2FC9D9-BA07-BC0B-7E7C-4EF422141E4E">
<createdBy>Крот</createdBy>
<createdTime>2022-06-04 18:29:12 UTC</createdTime>
<ownerDesignName>book_db</ownerDesignName>
<useDomainConstraints>false</useDomainConstraints>
<use>1</use>
<logicalDatatype>LOGDT019</logicalDatatype>
<ownDataTypeParameters>,,</ownDataTypeParameters>
<previousColumn>false</previousColumn>
<autoIncrementCycle>false</autoIncrementCycle>
<associations>
<colAssociation fkAssociation="3F0E1AB3-4742-7B2C-C7C8-0FB5C7E96102" referredColumn="B39D81AD-4B27-0358-08C5-2DEE3BE46B6C"/>
</associations>
</Column>
<Column name="Entity_9_Entity_9_ID" id="ADFEE875-0C37-0627-B842-8A59A9C8CFE9">
<createdBy>Крот</createdBy>
<createdTime>2022-06-04 18:29:12 UTC</createdTime>
<ownerDesignName>book_db</ownerDesignName>
<useDomainConstraints>false</useDomainConstraints>
<use>1</use>
<logicalDatatype>LOGDT019</logicalDatatype>
<ownDataTypeParameters>,,</ownDataTypeParameters>
<previousColumn>false</previousColumn>
<autoIncrementCycle>false</autoIncrementCycle>
<associations>
<colAssociation fkAssociation="BAB1D796-76BA-84F4-93B0-CEF21320E72A" referredColumn="EC650EA9-E4E4-403C-B986-F8C5B343E8B8"/>
</associations>
</Column>
</columns>
<indexes itemClass="oracle.dbtools.crest.model.design.relational.Index">
<ind_PK_UK id="4BB66AEA-3DCB-FD37-8825-35402547382D" name="Relation_6_PK">
<createdBy>Крот</createdBy>
<createdTime>2022-06-04 18:29:12 UTC</createdTime>
<ownerDesignName>book_db</ownerDesignName>
<pk>true</pk>
<indexState>Primary Constraint</indexState>
<isSurrogateKey>false</isSurrogateKey>
<indexColumnUsage>
<colUsage columnID="FD2FC9D9-BA07-BC0B-7E7C-4EF422141E4E"/>
<colUsage columnID="ADFEE875-0C37-0627-B842-8A59A9C8CFE9"/>
</indexColumnUsage>
</ind_PK_UK>
<ind_PK_UK id="7954B871-5CFC-72E6-A021-E46B4BF280EC" name="Relation_6_Entity_8_FK">
<createdBy>Крот</createdBy>
<createdTime>2022-06-04 18:29:12 UTC</createdTime>
<generatorID>2A62AD59-465E-1940-4146-E071D3736398</generatorID>
<ownerDesignName>book_db</ownerDesignName>
<indexState>Foreign Key</indexState>
<isSurrogateKey>false</isSurrogateKey>
<indexColumnUsage>
<colUsage columnID="FD2FC9D9-BA07-BC0B-7E7C-4EF422141E4E"/>
</indexColumnUsage>
</ind_PK_UK>
<ind_PK_UK id="AFDE3941-237B-D465-C91F-800E8C13DE5F" name="Relation_6_Entity_9_FK">
<createdBy>Крот</createdBy>
<createdTime>2022-06-04 18:29:12 UTC</createdTime>
<generatorID>2A62AD59-465E-1940-4146-E071D3736398</generatorID>
<ownerDesignName>book_db</ownerDesignName>
<indexState>Foreign Key</indexState>
<isSurrogateKey>false</isSurrogateKey>
<indexColumnUsage>
<colUsage columnID="ADFEE875-0C37-0627-B842-8A59A9C8CFE9"/>
</indexColumnUsage>
</ind_PK_UK>
</indexes>
</Table>