<?xml version = '1.0' encoding = 'UTF-8'?>
<Table class="oracle.dbtools.crest.model.design.relational.Table" directorySegmentName="seg_0" id="4A08510C-4682-7A94-8708-58E90C000581" name="Relation_2">
<createdBy>Крот</createdBy>
<createdTime>2022-06-04 18:29:12 UTC</createdTime>
<ownerDesignName>book_db</ownerDesignName>
<allowColumnReorder>false</allowColumnReorder>
<existDependencyGenerateInDDl>true</existDependencyGenerateInDDl>
<parsed>true</parsed>
<columns itemClass="oracle.dbtools.crest.model.design.relational.Column">
<Column name="Автор_ИД" id="FB9F7E36-997B-72D2-71B6-598A008960A8">
<createdBy>Крот</createdBy>
<createdTime>2022-06-04 18:29:12 UTC</createdTime>
<ownerDesignName>book_db</ownerDesignName>
<useDomainConstraints>false</useDomainConstraints>
<use>1</use>
<logicalDatatype>LOGDT019</logicalDatatype>
<ownDataTypeParameters>,,</ownDataTypeParameters>
<previousColumn>false</previousColumn>
<autoIncrementCycle>false</autoIncrementCycle>
<associations>
<colAssociation fkAssociation="4E28D8F8-A5A6-889C-7DA7-388CAD20CC96" referredColumn="E26BD967-63F3-6C6F-6E87-05BC5751F0C8"/>
</associations>
</Column>
<Column name="Книга_ИД" id="0FDD6B4B-9F9A-C853-5D5F-D799528AB6FB">
<createdBy>Крот</createdBy>
<createdTime>2022-06-04 18:29:12 UTC</createdTime>
<ownerDesignName>book_db</ownerDesignName>
<useDomainConstraints>false</useDomainConstraints>
<use>1</use>
<logicalDatatype>LOGDT019</logicalDatatype>
<ownDataTypeParameters>,,</ownDataTypeParameters>
<previousColumn>false</previousColumn>
<autoIncrementCycle>false</autoIncrementCycle>
<associations>
<colAssociation fkAssociation="B94D6CB9-98D6-F26A-E306-F547C3394D5E" referredColumn="2EE366FC-6982-9531-128F-044169C81560"/>
</associations>
</Column>
</columns>
<indexes itemClass="oracle.dbtools.crest.model.design.relational.Index">
<ind_PK_UK id="DECF0F78-37CE-47CC-6911-B978195948F3" name="Relation_2_PK">
<createdBy>Крот</createdBy>
<createdTime>2022-06-04 18:29:12 UTC</createdTime>
<ownerDesignName>book_db</ownerDesignName>
<pk>true</pk>
<indexState>Primary Constraint</indexState>
<isSurrogateKey>false</isSurrogateKey>
<indexColumnUsage>
<colUsage columnID="FB9F7E36-997B-72D2-71B6-598A008960A8"/>
<colUsage columnID="0FDD6B4B-9F9A-C853-5D5F-D799528AB6FB"/>
</indexColumnUsage>
</ind_PK_UK>
<ind_PK_UK id="A60F5F59-4E60-36BD-FBDB-42399FF80CB8" name="Relation_2_Автор_FK">
<createdBy>Крот</createdBy>
<createdTime>2022-06-04 18:29:12 UTC</createdTime>
<generatorID>F760B8DB-B03F-19EA-D2D1-31BDB4671DA2</generatorID>
<ownerDesignName>book_db</ownerDesignName>
<indexState>Foreign Key</indexState>
<isSurrogateKey>false</isSurrogateKey>
<indexColumnUsage>
<colUsage columnID="FB9F7E36-997B-72D2-71B6-598A008960A8"/>
</indexColumnUsage>
</ind_PK_UK>
<ind_PK_UK id="8F4D9E06-3500-E475-BEF3-F8BA66991BB5" name="Relation_2_Книга_FK">
<createdBy>Крот</createdBy>
<createdTime>2022-06-04 18:29:12 UTC</createdTime>
<generatorID>F760B8DB-B03F-19EA-D2D1-31BDB4671DA2</generatorID>
<ownerDesignName>book_db</ownerDesignName>
<indexState>Foreign Key</indexState>
<isSurrogateKey>false</isSurrogateKey>
<indexColumnUsage>
<colUsage columnID="0FDD6B4B-9F9A-C853-5D5F-D799528AB6FB"/>
</indexColumnUsage>
</ind_PK_UK>
</indexes>
</Table>