<?xml version = '1.0' encoding = 'UTF-8'?>
<Table class="oracle.dbtools.crest.model.design.relational.Table" directorySegmentName="seg_0" id="B9DEAF39-9D8F-58C3-5F37-6ACA86396ECA" name="Relation_5">
<createdBy>Крот</createdBy>
<createdTime>2022-06-04 18:29:12 UTC</createdTime>
<ownerDesignName>book_db</ownerDesignName>
<allowColumnReorder>false</allowColumnReorder>
<existDependencyGenerateInDDl>true</existDependencyGenerateInDDl>
<parsed>true</parsed>
<columns itemClass="oracle.dbtools.crest.model.design.relational.Column">
<Column name="Entity_6_Entity_6_ID" id="E532BFBB-D654-49F4-4124-B339EF7F4BFB">
<createdBy>Крот</createdBy>
<createdTime>2022-06-04 18:29:12 UTC</createdTime>
<ownerDesignName>book_db</ownerDesignName>
<useDomainConstraints>false</useDomainConstraints>
<use>1</use>
<logicalDatatype>LOGDT019</logicalDatatype>
<ownDataTypeParameters>,,</ownDataTypeParameters>
<previousColumn>false</previousColumn>
<autoIncrementCycle>false</autoIncrementCycle>
<associations>
<colAssociation fkAssociation="C38AF344-1AD5-23AB-4D02-D3A4BE88C1F8" referredColumn="67C2A1AF-EF4D-5D6C-B3E8-AA9294D20B6D"/>
</associations>
</Column>
<Column name="Entity_7_Entity_7_ID" id="1575EB46-252C-0D9E-9FAA-CF57FA237ED2">
<createdBy>Крот</createdBy>
<createdTime>2022-06-04 18:29:12 UTC</createdTime>
<ownerDesignName>book_db</ownerDesignName>
<useDomainConstraints>false</useDomainConstraints>
<use>1</use>
<logicalDatatype>LOGDT019</logicalDatatype>
<ownDataTypeParameters>,,</ownDataTypeParameters>
<previousColumn>false</previousColumn>
<autoIncrementCycle>false</autoIncrementCycle>
<associations>
<colAssociation fkAssociation="E665292F-B3CB-EA76-888D-49C4B0F8A341" referredColumn="6BB256EA-0BBD-4BEB-81A8-E652653AE74B"/>
</associations>
</Column>
</columns>
<indexes itemClass="oracle.dbtools.crest.model.design.relational.Index">
<ind_PK_UK id="B014C56A-62EE-EBD8-3A49-018332F18406" name="Relation_5_PK">
<createdBy>Крот</createdBy>
<createdTime>2022-06-04 18:29:12 UTC</createdTime>
<ownerDesignName>book_db</ownerDesignName>
<pk>true</pk>
<indexState>Primary Constraint</indexState>
<isSurrogateKey>false</isSurrogateKey>
<indexColumnUsage>
<colUsage columnID="E532BFBB-D654-49F4-4124-B339EF7F4BFB"/>
<colUsage columnID="1575EB46-252C-0D9E-9FAA-CF57FA237ED2"/>
</indexColumnUsage>
</ind_PK_UK>
<ind_PK_UK id="C9777025-1240-C223-1B6C-932D95E714F3" name="Relation_5_Entity_6_FK">
<createdBy>Крот</createdBy>
<createdTime>2022-06-04 18:29:12 UTC</createdTime>
<generatorID>2FE5BA2C-2930-9B2D-1426-FC8BD11C6CA9</generatorID>
<ownerDesignName>book_db</ownerDesignName>
<indexState>Foreign Key</indexState>
<isSurrogateKey>false</isSurrogateKey>
<indexColumnUsage>
<colUsage columnID="E532BFBB-D654-49F4-4124-B339EF7F4BFB"/>
</indexColumnUsage>
</ind_PK_UK>
<ind_PK_UK id="4E7F1D85-702C-0E17-D0CA-86E1EA1D0873" name="Relation_5_Entity_7_FK">
<createdBy>Крот</createdBy>
<createdTime>2022-06-04 18:29:12 UTC</createdTime>
<generatorID>2FE5BA2C-2930-9B2D-1426-FC8BD11C6CA9</generatorID>
<ownerDesignName>book_db</ownerDesignName>
<indexState>Foreign Key</indexState>
<isSurrogateKey>false</isSurrogateKey>
<indexColumnUsage>
<colUsage columnID="1575EB46-252C-0D9E-9FAA-CF57FA237ED2"/>
</indexColumnUsage>
</ind_PK_UK>
</indexes>
</Table>