<?xml version = '1.0' encoding = 'UTF-8'?>
<Table class="oracle.dbtools.crest.model.design.relational.Table" directorySegmentName="seg_0" id="C74FAF51-F0E6-59EC-0033-A25C04C367DA" name="Entity_7">
<createdBy>Крот</createdBy>
<createdTime>2022-06-04 18:29:12 UTC</createdTime>
<generatorID>579C83D4-9AC6-44A6-2B73-CE47276F702E</generatorID>
<ownerDesignName>book_db</ownerDesignName>
<allowColumnReorder>false</allowColumnReorder>
<existDependencyGenerateInDDl>true</existDependencyGenerateInDDl>
<parsed>true</parsed>
<columns itemClass="oracle.dbtools.crest.model.design.relational.Column">
<Column name="Entity_7_ID" id="6BB256EA-0BBD-4BEB-81A8-E652653AE74B">
<createdBy>Крот</createdBy>
<createdTime>2022-06-04 18:29:12 UTC</createdTime>
<ownerDesignName>book_db</ownerDesignName>
<useDomainConstraints>false</useDomainConstraints>
<use>1</use>
<logicalDatatype>LOGDT019</logicalDatatype>
<ownDataTypeParameters>,,</ownDataTypeParameters>
<autoIncrementColumn>true</autoIncrementColumn>
<identityColumn>true</identityColumn>
<autoIncrementCycle>false</autoIncrementCycle>
<isSurrogateColumn>true</isSurrogateColumn>
</Column>
</columns>
<indexes itemClass="oracle.dbtools.crest.model.design.relational.Index">
<ind_PK_UK id="4E7C1E05-860C-540C-655A-980C282C4F38" name="Entity_7_PK">
<createdBy>Крот</createdBy>
<createdTime>2022-06-04 18:29:12 UTC</createdTime>
<ownerDesignName>book_db</ownerDesignName>
<pk>true</pk>
<indexState>Primary Constraint</indexState>
<indexColumnUsage>
<colUsage columnID="6BB256EA-0BBD-4BEB-81A8-E652653AE74B"/>
</indexColumnUsage>
</ind_PK_UK>
</indexes>
</Table>