<?xml version = '1.0' encoding = 'UTF-8'?>
<Table class="oracle.dbtools.crest.model.design.relational.Table" directorySegmentName="seg_0" id="D3A300A4-893E-B720-7FE0-A5F8D8F2ECAC" name="Entity_5">
<createdBy>Крот</createdBy>
<createdTime>2022-06-04 18:29:12 UTC</createdTime>
<generatorID>68E1385D-BC93-9A80-A1CB-05613BB9031A</generatorID>
<ownerDesignName>book_db</ownerDesignName>
<allowColumnReorder>false</allowColumnReorder>
<existDependencyGenerateInDDl>true</existDependencyGenerateInDDl>
<parsed>true</parsed>
<columns itemClass="oracle.dbtools.crest.model.design.relational.Column">
<Column name="Entity_5_ID" id="34066061-4596-2E02-D454-40BECC457C23">
<createdBy>Крот</createdBy>
<createdTime>2022-06-04 18:29:12 UTC</createdTime>
<ownerDesignName>book_db</ownerDesignName>
<useDomainConstraints>false</useDomainConstraints>
<use>1</use>
<logicalDatatype>LOGDT019</logicalDatatype>
<ownDataTypeParameters>,,</ownDataTypeParameters>
<autoIncrementColumn>true</autoIncrementColumn>
<identityColumn>true</identityColumn>
<autoIncrementCycle>false</autoIncrementCycle>
<isSurrogateColumn>true</isSurrogateColumn>
</Column>
</columns>
<indexes itemClass="oracle.dbtools.crest.model.design.relational.Index">
<ind_PK_UK id="6F166689-D2F7-7DEF-6CEA-514F866150A3" name="Entity_5_PK">
<createdBy>Крот</createdBy>
<createdTime>2022-06-04 18:29:12 UTC</createdTime>
<ownerDesignName>book_db</ownerDesignName>
<pk>true</pk>
<indexState>Primary Constraint</indexState>
<indexColumnUsage>
<colUsage columnID="34066061-4596-2E02-D454-40BECC457C23"/>
</indexColumnUsage>
</ind_PK_UK>
</indexes>
</Table>