<?xml version = '1.0' encoding = 'UTF-8'?>
<relationalModel class="oracle.dbtools.crest.model.design.relational.RelationalDesign" name="Вся модель" id="CF51F5FD-3E94-A977-5F11-947AF929EECD" mainViewID="03ED7794-1E61-BDD3-1A10-32218C3ED1F5">
<createdBy>Крот</createdBy>
<createdTime>2022-06-07 17:27:34 UTC</createdTime>
<ownerDesignName>book_db</ownerDesignName>
<shouldBeOpen>true</shouldBeOpen>
<selectedRDBMSSite>32076570-2523-435C-2E92-BF29817DFF70</selectedRDBMSSite>
</relationalModel>