<?xml version = '1.0' encoding = 'UTF-8'?>
<FKIndexAssociation class="oracle.dbtools.crest.model.design.relational.FKIndexAssociation" directorySegmentName="seg_0" id="3543D919-8017-C4B6-29E0-481E1E2DF864" containerWithKeyObject="19CE8907-C694-E026-8D27-1171E6990760" localFKIndex="85A95767-BD70-1F0E-8BAE-32BCC97D79A1" name="Relation_3_Жанр_FK">
<createdBy>Крот</createdBy>
<createdTime>2022-06-04 18:29:12 UTC</createdTime>
<generatorID>CD78586D-181B-8CA4-2736-D730EEC1C4A4</generatorID>
<ownerDesignName>book_db</ownerDesignName>
<referredTableLongName>Жанр</referredTableLongName>
<deleteRule>NO ACTION</deleteRule>
<referredTableID>049E48B2-F2A8-B9DD-FCBE-30DC2F63EF7A</referredTableID>
<keyObject>1D700903-721D-75AA-A23E-4DD02F31ABB6</keyObject>
<referredKeyID>1D700903-721D-75AA-A23E-4DD02F31ABB6</referredKeyID>
<mandatory>true</mandatory>
<refColNames>ИД</refColNames>
<transferable>true</transferable>
<rely>false</rely>
<columnDependencyConstraintGenerateInDDL>true</columnDependencyConstraintGenerateInDDL>
</FKIndexAssociation>