<?xml version = '1.0' encoding = 'UTF-8'?>
<FKIndexAssociation class="oracle.dbtools.crest.model.design.relational.FKIndexAssociation" directorySegmentName="seg_0" id="39EA0C5C-C730-DBF2-6033-135AAA0A86B8" containerWithKeyObject="136813A5-E61A-4BFF-CE56-A36094AED5AE" localFKIndex="75D2BD49-270B-4FDE-C13A-407B046CFF77" name="Relation_4_Entity_4_FK">
<createdBy>Крот</createdBy>
<createdTime>2022-06-04 18:29:12 UTC</createdTime>
<generatorID>B757F229-EF75-B622-286F-5B6830DC4E1D</generatorID>
<ownerDesignName>book_db</ownerDesignName>
<referredTableLongName>Entity_4</referredTableLongName>
<deleteRule>NO ACTION</deleteRule>
<referredTableID>91265CA1-89DD-39A5-21F9-C5A5A31E1ED5</referredTableID>
<keyObject>15F2DFA7-4DA2-53A5-9720-124E37AF2BDF</keyObject>
<referredKeyID>15F2DFA7-4DA2-53A5-9720-124E37AF2BDF</referredKeyID>
<mandatory>true</mandatory>
<refColNames>Entity_4_ID</refColNames>
<transferable>true</transferable>
<rely>false</rely>
<columnDependencyConstraintGenerateInDDL>true</columnDependencyConstraintGenerateInDDL>
</FKIndexAssociation>