<?xml version = '1.0' encoding = 'UTF-8'?>
<FKIndexAssociation class="oracle.dbtools.crest.model.design.relational.FKIndexAssociation" directorySegmentName="seg_0" id="3F0E1AB3-4742-7B2C-C7C8-0FB5C7E96102" containerWithKeyObject="2CB3DB87-6870-6E1F-E8A2-33BC1D760258" localFKIndex="7954B871-5CFC-72E6-A021-E46B4BF280EC" name="Relation_6_Entity_8_FK">
<createdBy>Крот</createdBy>
<createdTime>2022-06-04 18:29:12 UTC</createdTime>
<generatorID>2A62AD59-465E-1940-4146-E071D3736398</generatorID>
<ownerDesignName>book_db</ownerDesignName>
<referredTableLongName>Entity_8</referredTableLongName>
<deleteRule>NO ACTION</deleteRule>
<referredTableID>5F7E1A87-D84E-7999-8574-01717E9BE2E3</referredTableID>
<keyObject>FA77982A-6BBF-4D72-A233-09D9F8C5E7FE</keyObject>
<referredKeyID>FA77982A-6BBF-4D72-A233-09D9F8C5E7FE</referredKeyID>
<mandatory>true</mandatory>
<refColNames>Entity_8_ID</refColNames>
<transferable>true</transferable>
<rely>false</rely>
<columnDependencyConstraintGenerateInDDL>true</columnDependencyConstraintGenerateInDDL>
</FKIndexAssociation>