<?xml version = '1.0' encoding = 'UTF-8'?>
<FKIndexAssociation class="oracle.dbtools.crest.model.design.relational.FKIndexAssociation" directorySegmentName="seg_0" id="4E28D8F8-A5A6-889C-7DA7-388CAD20CC96" containerWithKeyObject="4A08510C-4682-7A94-8708-58E90C000581" localFKIndex="A60F5F59-4E60-36BD-FBDB-42399FF80CB8" name="Relation_2_Автор_FK">
<createdBy>Крот</createdBy>
<createdTime>2022-06-04 18:29:12 UTC</createdTime>
<generatorID>F760B8DB-B03F-19EA-D2D1-31BDB4671DA2</generatorID>
<ownerDesignName>book_db</ownerDesignName>
<referredTableLongName>Автор</referredTableLongName>
<deleteRule>NO ACTION</deleteRule>
<referredTableID>81CEF26E-F71D-A6FE-8183-1B8C462E729A</referredTableID>
<keyObject>D11BDE51-1CAB-7851-74A9-3733A0A98D26</keyObject>
<referredKeyID>D11BDE51-1CAB-7851-74A9-3733A0A98D26</referredKeyID>
<mandatory>true</mandatory>
<refColNames>ИД</refColNames>
<transferable>true</transferable>
<rely>false</rely>
<columnDependencyConstraintGenerateInDDL>true</columnDependencyConstraintGenerateInDDL>
</FKIndexAssociation>