<?xml version = '1.0' encoding = 'UTF-8'?>
<FKIndexAssociation class="oracle.dbtools.crest.model.design.relational.FKIndexAssociation" directorySegmentName="seg_0" id="B94D6CB9-98D6-F26A-E306-F547C3394D5E" containerWithKeyObject="4A08510C-4682-7A94-8708-58E90C000581" localFKIndex="8F4D9E06-3500-E475-BEF3-F8BA66991BB5" name="Relation_2_Книга_FK">
<createdBy>Крот</createdBy>
<createdTime>2022-06-04 18:29:12 UTC</createdTime>
<generatorID>F760B8DB-B03F-19EA-D2D1-31BDB4671DA2</generatorID>
<ownerDesignName>book_db</ownerDesignName>
<referredTableLongName>Книга</referredTableLongName>
<deleteRule>NO ACTION</deleteRule>
<referredTableID>5D264478-9670-07FF-B5FF-6D2C2DE54C2A</referredTableID>
<keyObject>C709FD94-0934-C29C-EF94-E13187055A1F</keyObject>
<referredKeyID>C709FD94-0934-C29C-EF94-E13187055A1F</referredKeyID>
<mandatory>true</mandatory>
<refColNames>ID</refColNames>
<transferable>true</transferable>
<rely>false</rely>
<columnDependencyConstraintGenerateInDDL>true</columnDependencyConstraintGenerateInDDL>
</FKIndexAssociation>