<?xml version = '1.0' encoding = 'UTF-8'?>
<FKIndexAssociation class="oracle.dbtools.crest.model.design.relational.FKIndexAssociation" directorySegmentName="seg_0" id="BAB1D796-76BA-84F4-93B0-CEF21320E72A" containerWithKeyObject="2CB3DB87-6870-6E1F-E8A2-33BC1D760258" localFKIndex="AFDE3941-237B-D465-C91F-800E8C13DE5F" name="Relation_6_Entity_9_FK">
<createdBy>Крот</createdBy>
<createdTime>2022-06-04 18:29:12 UTC</createdTime>
<generatorID>2A62AD59-465E-1940-4146-E071D3736398</generatorID>
<ownerDesignName>book_db</ownerDesignName>
<referredTableLongName>Entity_9</referredTableLongName>
<deleteRule>NO ACTION</deleteRule>
<referredTableID>A8BB9540-8913-B5D1-E5CA-F765D66901BF</referredTableID>
<keyObject>6CEE9316-F65E-DA6E-A09D-947220AFBBC1</keyObject>
<referredKeyID>6CEE9316-F65E-DA6E-A09D-947220AFBBC1</referredKeyID>
<mandatory>true</mandatory>
<refColNames>Entity_9_ID</refColNames>
<transferable>true</transferable>
<rely>false</rely>
<columnDependencyConstraintGenerateInDDL>true</columnDependencyConstraintGenerateInDDL>
</FKIndexAssociation>