<?xml version = '1.0' encoding = 'UTF-8'?>
<FKIndexAssociation class="oracle.dbtools.crest.model.design.relational.FKIndexAssociation" directorySegmentName="seg_0" id="C38AF344-1AD5-23AB-4D02-D3A4BE88C1F8" containerWithKeyObject="B9DEAF39-9D8F-58C3-5F37-6ACA86396ECA" localFKIndex="C9777025-1240-C223-1B6C-932D95E714F3" name="Relation_5_Entity_6_FK">
<createdBy>Крот</createdBy>
<createdTime>2022-06-04 18:29:12 UTC</createdTime>
<generatorID>2FE5BA2C-2930-9B2D-1426-FC8BD11C6CA9</generatorID>
<ownerDesignName>book_db</ownerDesignName>
<referredTableLongName>Entity_6</referredTableLongName>
<deleteRule>NO ACTION</deleteRule>
<referredTableID>BC8ACDCE-F316-4CD0-11D7-F5552F84E44B</referredTableID>
<keyObject>A75F0B08-A3B8-8635-DA87-01B081DD454E</keyObject>
<referredKeyID>A75F0B08-A3B8-8635-DA87-01B081DD454E</referredKeyID>
<mandatory>true</mandatory>
<refColNames>Entity_6_ID</refColNames>
<transferable>true</transferable>
<rely>false</rely>
<columnDependencyConstraintGenerateInDDL>true</columnDependencyConstraintGenerateInDDL>
</FKIndexAssociation>