<?xml version = '1.0' encoding = 'UTF-8'?>
<FKIndexAssociation class="oracle.dbtools.crest.model.design.relational.FKIndexAssociation" directorySegmentName="seg_0" id="E665292F-B3CB-EA76-888D-49C4B0F8A341" containerWithKeyObject="B9DEAF39-9D8F-58C3-5F37-6ACA86396ECA" localFKIndex="4E7F1D85-702C-0E17-D0CA-86E1EA1D0873" name="Relation_5_Entity_7_FK">
<createdBy>Крот</createdBy>
<createdTime>2022-06-04 18:29:12 UTC</createdTime>
<generatorID>2FE5BA2C-2930-9B2D-1426-FC8BD11C6CA9</generatorID>
<ownerDesignName>book_db</ownerDesignName>
<referredTableLongName>Entity_7</referredTableLongName>
<deleteRule>NO ACTION</deleteRule>
<referredTableID>C74FAF51-F0E6-59EC-0033-A25C04C367DA</referredTableID>
<keyObject>4E7C1E05-860C-540C-655A-980C282C4F38</keyObject>
<referredKeyID>4E7C1E05-860C-540C-655A-980C282C4F38</referredKeyID>
<mandatory>true</mandatory>
<refColNames>Entity_7_ID</refColNames>
<transferable>true</transferable>
<rely>false</rely>
<columnDependencyConstraintGenerateInDDL>true</columnDependencyConstraintGenerateInDDL>
</FKIndexAssociation>