<?xml version = '1.0' encoding = 'UTF-8'?>
<FKIndexAssociation class="oracle.dbtools.crest.model.design.relational.FKIndexAssociation" directorySegmentName="seg_0" id="F9D8B9D5-99AD-3AF5-2183-F2CC6176BD1E" containerWithKeyObject="19CE8907-C694-E026-8D27-1171E6990760" localFKIndex="E5D85F8A-B7E5-821A-2548-96038773520C" name="Relation_3_Книга_FK">
<createdBy>Крот</createdBy>
<createdTime>2022-06-04 18:29:12 UTC</createdTime>
<generatorID>CD78586D-181B-8CA4-2736-D730EEC1C4A4</generatorID>
<ownerDesignName>book_db</ownerDesignName>
<referredTableLongName>Книга</referredTableLongName>
<deleteRule>NO ACTION</deleteRule>
<referredTableID>5D264478-9670-07FF-B5FF-6D2C2DE54C2A</referredTableID>
<keyObject>C709FD94-0934-C29C-EF94-E13187055A1F</keyObject>
<referredKeyID>C709FD94-0934-C29C-EF94-E13187055A1F</referredKeyID>
<mandatory>true</mandatory>
<refColNames>ID</refColNames>
<transferable>true</transferable>
<rely>false</rely>
<columnDependencyConstraintGenerateInDDL>true</columnDependencyConstraintGenerateInDDL>
</FKIndexAssociation>