<?xml version = '1.0' encoding = 'UTF-8'?>
<FKIndexAssociation class="oracle.dbtools.crest.model.design.relational.FKIndexAssociation" directorySegmentName="seg_0" id="FC45D345-F1AA-6262-B2C6-6FA0AEBBB7C8" containerWithKeyObject="136813A5-E61A-4BFF-CE56-A36094AED5AE" localFKIndex="0A7813BD-E8DE-FFCB-16DC-57F6A0A1DD61" name="Relation_4_Entity_5_FK">
<createdBy>Крот</createdBy>
<createdTime>2022-06-04 18:29:12 UTC</createdTime>
<generatorID>B757F229-EF75-B622-286F-5B6830DC4E1D</generatorID>
<ownerDesignName>book_db</ownerDesignName>
<referredTableLongName>Entity_5</referredTableLongName>
<deleteRule>NO ACTION</deleteRule>
<referredTableID>D3A300A4-893E-B720-7FE0-A5F8D8F2ECAC</referredTableID>
<keyObject>6F166689-D2F7-7DEF-6CEA-514F866150A3</keyObject>
<referredKeyID>6F166689-D2F7-7DEF-6CEA-514F866150A3</referredKeyID>
<mandatory>true</mandatory>
<refColNames>Entity_5_ID</refColNames>
<transferable>true</transferable>
<rely>false</rely>
<columnDependencyConstraintGenerateInDDL>true</columnDependencyConstraintGenerateInDDL>
</FKIndexAssociation>