<?xml version = '1.0' encoding = 'UTF-8'?>
<Entity class="oracle.dbtools.crest.model.design.logical.Entity" directorySegmentName="seg_0" id="1D433718-455F-6A85-8931-CA2052FD0FA1" name="ВЕРСИЯ">
<createdBy>Крот</createdBy>
<createdTime>2022-07-07 08:26:42 UTC</createdTime>
<ownerDesignName>book_db</ownerDesignName>
<engineerTo>
<item key="CF51F5FD-3E94-A977-5F11-947AF929EECD" value="true"/>
</engineerTo>
<adequatelyNormalized>NO</adequatelyNormalized>
<expectedVolumes>0</expectedVolumes>
<fwdEngineeringStrategyName>Single Table</fwdEngineeringStrategyName>
<growthPercent>0</growthPercent>
<growthType>Year</growthType>
<maxVolumes>9999999</maxVolumes>
<minVolumes>0</minVolumes>
<normalForm>Third</normalForm>
<attributes itemClass="oracle.dbtools.crest.model.design.logical.Attribute">
<Attribute name="ИД" id="3DA9EBC6-318B-8E05-540D-CEA48D820463">
<createdBy>Крот</createdBy>
<createdTime>2022-07-07 08:27:33 UTC</createdTime>
<ownerDesignName>book_db</ownerDesignName>
<engineerTo>
<item key="CF51F5FD-3E94-A977-5F11-947AF929EECD" value="true"/>
</engineerTo>
<useDomainConstraints>false</useDomainConstraints>
<use>1</use>
<logicalDatatype>LOGDT019</logicalDatatype>
<ownDataTypeParameters>,,</ownDataTypeParameters>
</Attribute>
</attributes>
<identifiers itemClass="oracle.dbtools.crest.model.design.logical.CandidateKey">
<identifier id="199FB1A7-E82B-A14B-51C6-21CEAAD52746" name="ВЕРСИЯ PK">
<createdBy>Крот</createdBy>
<createdTime>2022-07-07 08:27:39 UTC</createdTime>
<ownerDesignName>book_db</ownerDesignName>
<engineerTo>
<item key="CF51F5FD-3E94-A977-5F11-947AF929EECD" value="true"/>
</engineerTo>
<pk>true</pk>
<usedAttributes>
<attributeRef>3DA9EBC6-318B-8E05-540D-CEA48D820463</attributeRef>
</usedAttributes>
</identifier>
</identifiers>
</Entity>