<?xml version = '1.0' encoding = 'UTF-8'?>
<Entity class="oracle.dbtools.crest.model.design.logical.Entity" directorySegmentName="seg_0" id="AD7A0321-465F-E8DB-5A75-6BD407CACA13" name="ЯЗЫК">
<createdBy>Крот</createdBy>
<createdTime>2022-07-07 08:26:59 UTC</createdTime>
<ownerDesignName>book_db</ownerDesignName>
<engineerTo>
<item key="CF51F5FD-3E94-A977-5F11-947AF929EECD" value="true"/>
</engineerTo>
<adequatelyNormalized>NO</adequatelyNormalized>
<expectedVolumes>0</expectedVolumes>
<fwdEngineeringStrategyName>Single Table</fwdEngineeringStrategyName>
<growthPercent>0</growthPercent>
<growthType>Year</growthType>
<maxVolumes>9999999</maxVolumes>
<minVolumes>0</minVolumes>
<normalForm>Third</normalForm>
<attributes itemClass="oracle.dbtools.crest.model.design.logical.Attribute">
<Attribute name="ИД" id="054BC6D7-72EF-B7FF-D963-0D8E2CA95751">
<createdBy>Крот</createdBy>
<createdTime>2022-07-07 09:01:08 UTC</createdTime>
<ownerDesignName>book_db</ownerDesignName>
<engineerTo>
<item key="CF51F5FD-3E94-A977-5F11-947AF929EECD" value="true"/>
</engineerTo>
<useDomainConstraints>false</useDomainConstraints>
<use>1</use>
<logicalDatatype>LOGDT019</logicalDatatype>
<ownDataTypeParameters>,,</ownDataTypeParameters>
</Attribute>
</attributes>
<identifiers itemClass="oracle.dbtools.crest.model.design.logical.CandidateKey">
<identifier id="503F5A4A-7C51-0DEE-BC53-C482608B061F" name="ЯЗЫК PK">
<createdBy>Крот</createdBy>
<createdTime>2022-07-07 09:01:18 UTC</createdTime>
<ownerDesignName>book_db</ownerDesignName>
<engineerTo>
<item key="CF51F5FD-3E94-A977-5F11-947AF929EECD" value="true"/>
</engineerTo>
<pk>true</pk>
<usedAttributes>
<attributeRef>054BC6D7-72EF-B7FF-D963-0D8E2CA95751</attributeRef>
</usedAttributes>
</identifier>
</identifiers>
</Entity>