<?xml version = '1.0' encoding = 'UTF-8'?>
<Entity class="oracle.dbtools.crest.model.design.logical.Entity" directorySegmentName="seg_0" id="CD486952-93E6-A7A6-4FEF-E43523F3E2AE" name="КНИГА">
<createdBy>Крот</createdBy>
<createdTime>2022-07-07 09:05:07 UTC</createdTime>
<ownerDesignName>book_db</ownerDesignName>
<engineerTo>
<item key="CF51F5FD-3E94-A977-5F11-947AF929EECD" value="true"/>
</engineerTo>
<adequatelyNormalized>NO</adequatelyNormalized>
<expectedVolumes>0</expectedVolumes>
<fwdEngineeringStrategyName>Single Table</fwdEngineeringStrategyName>
<growthPercent>0</growthPercent>
<growthType>Year</growthType>
<maxVolumes>9999999</maxVolumes>
<minVolumes>0</minVolumes>
<normalForm>Third</normalForm>
</Entity>