<?xml version = '1.0' encoding = 'UTF-8'?>
<Entity class="oracle.dbtools.crest.model.design.logical.Entity" directorySegmentName="seg_0" id="F4118E74-FA24-C421-0EF1-71DB918545BE" name="ПРОИЗВЕДЕНИЕ">
<createdBy>Крот</createdBy>
<createdTime>2022-07-07 08:26:32 UTC</createdTime>
<ownerDesignName>book_db</ownerDesignName>
<engineerTo>
<item key="CF51F5FD-3E94-A977-5F11-947AF929EECD" value="true"/>
</engineerTo>
<adequatelyNormalized>NO</adequatelyNormalized>
<expectedVolumes>0</expectedVolumes>
<fwdEngineeringStrategyName>Single Table</fwdEngineeringStrategyName>
<growthPercent>0</growthPercent>
<growthType>Year</growthType>
<maxVolumes>9999999</maxVolumes>
<minVolumes>0</minVolumes>
<normalForm>Third</normalForm>
<attributes itemClass="oracle.dbtools.crest.model.design.logical.Attribute">
<Attribute name="ИД" id="CBCF3D7B-4F9C-5029-D873-DF4FA54E94E6">
<createdBy>Крот</createdBy>
<createdTime>2022-07-07 09:00:37 UTC</createdTime>
<ownerDesignName>book_db</ownerDesignName>
<engineerTo>
<item key="CF51F5FD-3E94-A977-5F11-947AF929EECD" value="true"/>
</engineerTo>
<useDomainConstraints>false</useDomainConstraints>
<use>1</use>
<logicalDatatype>LOGDT019</logicalDatatype>
<ownDataTypeParameters>,,</ownDataTypeParameters>
</Attribute>
<Attribute name="НАЗВАНИЕ ПРОИЗВЕДЕНИЯ" id="F3A9A95B-DE93-C3CB-D1E2-5005E5223829">
<createdBy>Крот</createdBy>
<createdTime>2022-07-07 09:02:13 UTC</createdTime>
<ownerDesignName>book_db</ownerDesignName>
<engineerTo>
<item key="CF51F5FD-3E94-A977-5F11-947AF929EECD" value="true"/>
</engineerTo>
<nullsAllowed>true</nullsAllowed>
<use>0</use>
<ownDataTypeParameters>,,</ownDataTypeParameters>
</Attribute>
<Attribute name="ИД ВЕРСИИ" id="2E7B0E0B-9F39-DF88-D73A-5F488B3B1870">
<createdBy>Крот</createdBy>
<createdTime>2022-07-07 08:28:46 UTC</createdTime>
<generatorID>DEF2C440-67D7-77D2-B8D2-A25C862B5A6A</generatorID>
<ownerDesignName>book_db</ownerDesignName>
<engineerTo>
<item key="CF51F5FD-3E94-A977-5F11-947AF929EECD" value="true"/>
</engineerTo>
<referedAttribute>3DA9EBC6-318B-8E05-540D-CEA48D820463</referedAttribute>
<useDomainConstraints>false</useDomainConstraints>
<use>1</use>
<logicalDatatype>LOGDT019</logicalDatatype>
<ownDataTypeParameters>,,</ownDataTypeParameters>
</Attribute>
<Attribute name="ИД ЯЗЫКА" id="602F8F6C-332E-05E9-3077-F712C041AE8D">
<createdBy>Крот</createdBy>
<createdTime>2022-07-07 09:01:35 UTC</createdTime>
<generatorID>6FD36360-562E-F968-F579-AC1D604F888F</generatorID>
<ownerDesignName>book_db</ownerDesignName>
<engineerTo>
<item key="CF51F5FD-3E94-A977-5F11-947AF929EECD" value="true"/>
</engineerTo>
<referedAttribute>054BC6D7-72EF-B7FF-D963-0D8E2CA95751</referedAttribute>
<useDomainConstraints>false</useDomainConstraints>
<use>1</use>
<logicalDatatype>LOGDT019</logicalDatatype>
<ownDataTypeParameters>,,</ownDataTypeParameters>
</Attribute>
</attributes>
<identifiers itemClass="oracle.dbtools.crest.model.design.logical.CandidateKey">
<identifier id="F38FE363-2E6C-DEF3-EF8D-F911C1205EF1" name="ПРОИЗВЕДЕНИЕ PK">
<createdBy>Крот</createdBy>
<createdTime>2022-07-07 09:00:40 UTC</createdTime>
<ownerDesignName>book_db</ownerDesignName>
<engineerTo>
<item key="CF51F5FD-3E94-A977-5F11-947AF929EECD" value="true"/>
</engineerTo>
<pk>true</pk>
<usedAttributes>
<attributeRef>CBCF3D7B-4F9C-5029-D873-DF4FA54E94E6</attributeRef>
</usedAttributes>
</identifier>
</identifiers>
</Entity>