<?xml version = '1.0' encoding = 'UTF-8'?>
<Diagram class="oracle.dbtools.crest.swingui.relational.DPVRelational" name="Relational_1" id="14FC5CE0-9DDF-080C-C089-040D420DD27C">
<createdBy>Крот</createdBy>
<modifiedBy>Крот</modifiedBy>
<createdTime>2022-06-04 18:29:12 UTC</createdTime>
<autoRoute>false</autoRoute>
<boxInbox>true</boxInbox>
<showLegend>false</showLegend>
<showLabels>false</showLabels>
<showRelAttributes>false</showRelAttributes>
<gridEnabled>false</gridEnabled>
<showGrid>false</showGrid>
<diagramColor>-1</diagramColor>
<display>false</display>
<notation>1</notation>
<objectViews>
<OView class="oracle.dbtools.crest.swingui.relational.TVTable" oid="049E48B2-F2A8-B9DD-FCBE-30DC2F63EF7A" otype="Table" vid="0068C279-2D52-EEE3-0268-F58902179FA3">
<hideElementsInCurrentOnly>false</hideElementsInCurrentOnly>
<bounds x="644" y="12" width="170" height="110"/>
</OView>
<OView class="oracle.dbtools.crest.swingui.relational.TVTable" oid="136813A5-E61A-4BFF-CE56-A36094AED5AE" otype="Table" vid="BD0545E8-2601-7CF0-C429-67867AB51C8A">
<hideElementsInCurrentOnly>false</hideElementsInCurrentOnly>
<bounds x="592" y="361" width="322" height="108"/>
</OView>
<OView class="oracle.dbtools.crest.swingui.relational.TVTable" oid="19CE8907-C694-E026-8D27-1171E6990760" otype="Table" vid="1BC2F63E-8730-1E9F-64FF-68E7D82B9B20">
<hideElementsInCurrentOnly>false</hideElementsInCurrentOnly>
<bounds x="954" y="76" width="170" height="110"/>
</OView>
<OView class="oracle.dbtools.crest.swingui.relational.TVTable" oid="285B4FF6-511C-4A73-9C36-5ACD44F4493F" otype="Table" vid="9DFE6F00-B266-14DB-C1CA-AD0206158C29">
<hideElementsInCurrentOnly>false</hideElementsInCurrentOnly>
<bounds x="1270" y="293" width="170" height="110"/>
</OView>
<OView class="oracle.dbtools.crest.swingui.relational.TVTable" oid="2CB3DB87-6870-6E1F-E8A2-33BC1D760258" otype="Table" vid="99F6C72D-9433-3730-3496-82B9C752902E">
<hideElementsInCurrentOnly>false</hideElementsInCurrentOnly>
<bounds x="594" y="642" width="322" height="108"/>
</OView>
<OView class="oracle.dbtools.crest.swingui.relational.TVTable" oid="4A08510C-4682-7A94-8708-58E90C000581" otype="Table" vid="FE321C39-07F8-4168-B63A-642549C29620">
<hideElementsInCurrentOnly>false</hideElementsInCurrentOnly>
<bounds x="104" y="235" width="170" height="110"/>
</OView>
<OView class="oracle.dbtools.crest.swingui.relational.TVTable" oid="5D264478-9670-07FF-B5FF-6D2C2DE54C2A" otype="Table" vid="CB8F35FB-BC57-1B94-9640-7ED32BE303D8">
<hideElementsInCurrentOnly>false</hideElementsInCurrentOnly>
<bounds x="317" y="7" width="215" height="228"/>
</OView>
<OView class="oracle.dbtools.crest.swingui.relational.TVTable" oid="5F7E1A87-D84E-7999-8574-01717E9BE2E3" otype="Table" vid="C4CE916A-6D71-03A6-578A-6629DB00042A">
<hideElementsInCurrentOnly>false</hideElementsInCurrentOnly>
<bounds x="374" y="642" width="158" height="60"/>
</OView>
<OView class="oracle.dbtools.crest.swingui.relational.TVTable" oid="81CEF26E-F71D-A6FE-8183-1B8C462E729A" otype="Table" vid="7B2596ED-1032-DE34-2CF6-9E18A7FFE125">
<hideElementsInCurrentOnly>false</hideElementsInCurrentOnly>
<bounds x="22" y="11" width="188" height="116"/>
</OView>
<OView class="oracle.dbtools.crest.swingui.relational.TVTable" oid="91265CA1-89DD-39A5-21F9-C5A5A31E1ED5" otype="Table" vid="0EDC3EE2-6240-2E88-568D-1D00AAB2967F">
<hideElementsInCurrentOnly>false</hideElementsInCurrentOnly>
<bounds x="372" y="361" width="158" height="60"/>
</OView>
<OView class="oracle.dbtools.crest.swingui.relational.TVTable" oid="A8BB9540-8913-B5D1-E5CA-F765D66901BF" otype="Table" vid="B5D54CA9-772A-A2A6-ED42-581BFDA21F52">
<hideElementsInCurrentOnly>false</hideElementsInCurrentOnly>
<bounds x="980" y="641" width="158" height="60"/>
</OView>
<OView class="oracle.dbtools.crest.swingui.relational.TVTable" oid="B9DEAF39-9D8F-58C3-5F37-6ACA86396ECA" otype="Table" vid="4716FB95-CBB1-D469-8E72-818F9540B100">
<hideElementsInCurrentOnly>false</hideElementsInCurrentOnly>
<bounds x="592" y="500" width="322" height="108"/>
</OView>
<OView class="oracle.dbtools.crest.swingui.relational.TVTable" oid="BC8ACDCE-F316-4CD0-11D7-F5552F84E44B" otype="Table" vid="A440BAC1-DF0E-BDF0-218F-A1DA8C4D3FFD">
<hideElementsInCurrentOnly>false</hideElementsInCurrentOnly>
<bounds x="372" y="500" width="158" height="60"/>
</OView>
<OView class="oracle.dbtools.crest.swingui.relational.TVTable" oid="C74FAF51-F0E6-59EC-0033-A25C04C367DA" otype="Table" vid="848900CC-D56C-0494-1BCF-A25080FD8BEA">
<hideElementsInCurrentOnly>false</hideElementsInCurrentOnly>
<bounds x="978" y="499" width="158" height="60"/>
</OView>
<OView class="oracle.dbtools.crest.swingui.relational.TVTable" oid="D3A300A4-893E-B720-7FE0-A5F8D8F2ECAC" otype="Table" vid="D1378B93-12E6-3996-4208-E021388E962C">
<hideElementsInCurrentOnly>false</hideElementsInCurrentOnly>
<bounds x="978" y="360" width="158" height="60"/>
</OView>
</objectViews>
<connectors>
<Connector class="oracle.dbtools.crest.swingui.relational.TVFKRelation" oid="3543D919-8017-C4B6-29E0-481E1E2DF864" otype="FKIndexAssociation" vid_source="0068C279-2D52-EEE3-0268-F58902179FA3" vid_target="1BC2F63E-8730-1E9F-64FF-68E7D82B9B20">
<hideElementsInCurrentOnly>false</hideElementsInCurrentOnly>
<backgroundColor>-16777216</backgroundColor>
<lineWidth>1</lineWidth>
<points>
<point x="814" y="99"/>
<point x="954" y="99"/>
</points>
</Connector>
<Connector class="oracle.dbtools.crest.swingui.relational.TVFKRelation" oid="39EA0C5C-C730-DBF2-6033-135AAA0A86B8" otype="FKIndexAssociation" vid_source="0EDC3EE2-6240-2E88-568D-1D00AAB2967F" vid_target="BD0545E8-2601-7CF0-C429-67867AB51C8A">
<hideElementsInCurrentOnly>false</hideElementsInCurrentOnly>
<backgroundColor>-16777216</backgroundColor>
<lineWidth>1</lineWidth>
<points>
<point x="530" y="394"/>
<point x="592" y="394"/>
</points>
</Connector>
<Connector class="oracle.dbtools.crest.swingui.relational.TVFKRelation" oid="3F0E1AB3-4742-7B2C-C7C8-0FB5C7E96102" otype="FKIndexAssociation" vid_source="C4CE916A-6D71-03A6-578A-6629DB00042A" vid_target="99F6C72D-9433-3730-3496-82B9C752902E">
<hideElementsInCurrentOnly>false</hideElementsInCurrentOnly>
<backgroundColor>-16777216</backgroundColor>
<lineWidth>1</lineWidth>
<points>
<point x="532" y="672"/>
<point x="594" y="672"/>
</points>
</Connector>
<Connector class="oracle.dbtools.crest.swingui.relational.TVFKRelation" oid="4E28D8F8-A5A6-889C-7DA7-388CAD20CC96" otype="FKIndexAssociation" vid_source="7B2596ED-1032-DE34-2CF6-9E18A7FFE125" vid_target="FE321C39-07F8-4168-B63A-642549C29620">
<hideElementsInCurrentOnly>false</hideElementsInCurrentOnly>
<backgroundColor>-16777216</backgroundColor>
<lineWidth>1</lineWidth>
<points>
<point x="157" y="127"/>
<point x="157" y="235"/>
</points>
</Connector>
<Connector class="oracle.dbtools.crest.swingui.relational.TVFKRelation" oid="B94D6CB9-98D6-F26A-E306-F547C3394D5E" otype="FKIndexAssociation" vid_source="CB8F35FB-BC57-1B94-9640-7ED32BE303D8" vid_target="FE321C39-07F8-4168-B63A-642549C29620">
<hideElementsInCurrentOnly>false</hideElementsInCurrentOnly>
<backgroundColor>-16777216</backgroundColor>
<lineWidth>1</lineWidth>
<points>
<point x="317" y="235"/>
<point x="274" y="235"/>
</points>
</Connector>
<Connector class="oracle.dbtools.crest.swingui.relational.TVFKRelation" oid="BAB1D796-76BA-84F4-93B0-CEF21320E72A" otype="FKIndexAssociation" vid_source="B5D54CA9-772A-A2A6-ED42-581BFDA21F52" vid_target="99F6C72D-9433-3730-3496-82B9C752902E">
<hideElementsInCurrentOnly>false</hideElementsInCurrentOnly>
<backgroundColor>-16777216</backgroundColor>
<lineWidth>1</lineWidth>
<points>
<point x="980" y="671"/>
<point x="916" y="671"/>
</points>
</Connector>
<Connector class="oracle.dbtools.crest.swingui.relational.TVFKRelation" oid="C38AF344-1AD5-23AB-4D02-D3A4BE88C1F8" otype="FKIndexAssociation" vid_source="A440BAC1-DF0E-BDF0-218F-A1DA8C4D3FFD" vid_target="4716FB95-CBB1-D469-8E72-818F9540B100">
<hideElementsInCurrentOnly>false</hideElementsInCurrentOnly>
<backgroundColor>-16777216</backgroundColor>
<lineWidth>1</lineWidth>
<points>
<point x="530" y="540"/>
<point x="592" y="540"/>
</points>
</Connector>
<Connector class="oracle.dbtools.crest.swingui.relational.TVFKRelation" oid="E665292F-B3CB-EA76-888D-49C4B0F8A341" otype="FKIndexAssociation" vid_source="848900CC-D56C-0494-1BCF-A25080FD8BEA" vid_target="4716FB95-CBB1-D469-8E72-818F9540B100">
<hideElementsInCurrentOnly>false</hideElementsInCurrentOnly>
<backgroundColor>-16777216</backgroundColor>
<lineWidth>1</lineWidth>
<points>
<point x="978" y="529"/>
<point x="914" y="529"/>
</points>
</Connector>
<Connector class="oracle.dbtools.crest.swingui.relational.TVFKRelation" oid="F9D8B9D5-99AD-3AF5-2183-F2CC6176BD1E" otype="FKIndexAssociation" vid_source="CB8F35FB-BC57-1B94-9640-7ED32BE303D8" vid_target="1BC2F63E-8730-1E9F-64FF-68E7D82B9B20">
<hideElementsInCurrentOnly>false</hideElementsInCurrentOnly>
<backgroundColor>-16777216</backgroundColor>
<lineWidth>1</lineWidth>
<points>
<point x="532" y="131"/>
<point x="954" y="131"/>
</points>
</Connector>
<Connector class="oracle.dbtools.crest.swingui.relational.TVFKRelation" oid="FC45D345-F1AA-6262-B2C6-6FA0AEBBB7C8" otype="FKIndexAssociation" vid_source="D1378B93-12E6-3996-4208-E021388E962C" vid_target="BD0545E8-2601-7CF0-C429-67867AB51C8A">
<hideElementsInCurrentOnly>false</hideElementsInCurrentOnly>
<backgroundColor>-16777216</backgroundColor>
<lineWidth>1</lineWidth>
<points>
<point x="978" y="390"/>
<point x="914" y="390"/>
</points>
</Connector>
</connectors>
</Diagram>