<?xml version = '1.0' encoding = 'UTF-8'?>
<Diagram class="oracle.dbtools.crest.swingui.relational.DPVRelational" name="Вся модель" id="03ED7794-1E61-BDD3-1A10-32218C3ED1F5">
<createdBy>Крот</createdBy>
<modifiedBy>Крот</modifiedBy>
<createdTime>2022-06-07 17:27:35 UTC</createdTime>
<autoRoute>false</autoRoute>
<boxInbox>true</boxInbox>
<showLegend>false</showLegend>
<showLabels>false</showLabels>
<showRelAttributes>false</showRelAttributes>
<gridEnabled>false</gridEnabled>
<showGrid>false</showGrid>
<diagramColor>-1</diagramColor>
<display>false</display>
<notation>1</notation>
<objectViews>
<OView class="oracle.dbtools.crest.swingui.relational.TVTable" oid="09F8AB82-B1A6-E301-2E7C-7801A647269C" otype="Table" vid="4276CFC6-6EEB-C8A7-CEAD-3E6E85D8D7F9">
<hideElementsInCurrentOnly>false</hideElementsInCurrentOnly>
<bounds x="434" y="648" width="213" height="89"/>
<useDefaultColor>false</useDefaultColor>
<backgroundColor>-3342388</backgroundColor>
<foregroundColor>-16776961</foregroundColor>
</OView>
<OView class="oracle.dbtools.crest.swingui.relational.TVTable" oid="337FF442-EA1D-1966-EB10-EC24B196592B" otype="Table" vid="86C56A24-D4B6-65CD-BF13-05537F2F1F0E">
<hideElementsInCurrentOnly>false</hideElementsInCurrentOnly>
<bounds x="427" y="471" width="255" height="123"/>
</OView>
<OView class="oracle.dbtools.crest.swingui.relational.TVTable" oid="3957DA47-939C-2E30-4151-B77400DE3D1A" otype="Table" vid="312C7D11-1911-A4B1-3FB6-1D30803D8E14">
<hideElementsInCurrentOnly>false</hideElementsInCurrentOnly>
<bounds x="675" y="242" width="395" height="131"/>
</OView>
<OView class="oracle.dbtools.crest.swingui.relational.TVTable" oid="4D27F69D-91B9-1324-2659-CEA9E5322564" otype="Table" vid="4AAC5757-22D3-BE46-DC3C-28DC088813F0">
<hideElementsInCurrentOnly>false</hideElementsInCurrentOnly>
<bounds x="1880" y="474" width="298" height="137"/>
</OView>
<OView class="oracle.dbtools.crest.swingui.relational.TVTable" oid="52811135-20BD-ECC5-F91A-014962541CB5" otype="Table" vid="D5600CD1-FE24-E60F-250D-01CAB33A6052">
<hideElementsInCurrentOnly>false</hideElementsInCurrentOnly>
<bounds x="1876" y="303" width="340" height="137"/>
</OView>
<OView class="oracle.dbtools.crest.swingui.relational.TVTable" oid="57389376-BB83-0F7E-BB16-C5423D570EF9" otype="Table" vid="59D4DC4A-467D-649B-C638-BF8C967F8265">
<hideElementsInCurrentOnly>false</hideElementsInCurrentOnly>
<bounds x="2107" y="105" width="311" height="145"/>
</OView>
<OView class="oracle.dbtools.crest.swingui.relational.TVTable" oid="58045409-379C-BB1C-A7C1-E906F7D8B9E1" otype="Table" vid="29CFC6A5-EA76-1ECD-9CAF-5D332D6502C0">
<hideElementsInCurrentOnly>false</hideElementsInCurrentOnly>
<bounds x="811" y="1082" width="336" height="109"/>
</OView>
<OView class="oracle.dbtools.crest.swingui.relational.TVTable" oid="5B109FB2-10DD-7D29-7BDE-FD538E6423A3" otype="Table" vid="5F660197-BED1-3B09-9D6C-DB4DA8116597">
<hideElementsInCurrentOnly>false</hideElementsInCurrentOnly>
<bounds x="401" y="1093" width="314" height="89"/>
<useDefaultColor>false</useDefaultColor>
<backgroundColor>-3342388</backgroundColor>
<foregroundColor>-16776961</foregroundColor>
</OView>
<OView class="oracle.dbtools.crest.swingui.relational.TVTable" oid="6B4DEC92-5A8A-5640-D85F-2B349AAD0533" otype="Table" vid="4228E4DE-3F91-422D-FF8E-7AB836B5FCEF">
<hideElementsInCurrentOnly>false</hideElementsInCurrentOnly>
<bounds x="1537" y="256" width="204" height="117"/>
<useDefaultColor>false</useDefaultColor>
<backgroundColor>-3342388</backgroundColor>
<foregroundColor>-16776961</foregroundColor>
</OView>
<OView class="oracle.dbtools.crest.swingui.relational.TVTable" oid="8523760C-D8A9-6967-C5E5-77D0F580C10B" otype="Table" vid="8382E3F9-A6DE-13FB-5C42-5D8DC5BEF5C4">
<hideElementsInCurrentOnly>false</hideElementsInCurrentOnly>
<bounds x="2223" y="1076" width="260" height="89"/>
<useDefaultColor>false</useDefaultColor>
<backgroundColor>-3342388</backgroundColor>
<foregroundColor>-16776961</foregroundColor>
</OView>
<OView class="oracle.dbtools.crest.swingui.relational.TVTable" oid="877A2E2E-411D-2196-CC07-3A6FC26B6945" otype="Table" vid="DDEF6107-B3E4-414F-981E-4A330F48805C">
<hideElementsInCurrentOnly>false</hideElementsInCurrentOnly>
<bounds x="809" y="877" width="320" height="103"/>
</OView>
<OView class="oracle.dbtools.crest.swingui.relational.TVTable" oid="88C1A5B6-0B75-7E32-CB23-14193CAAF260" otype="Table" vid="BC32F790-672E-5AF6-7FC4-0A4473B536D6">
<hideElementsInCurrentOnly>false</hideElementsInCurrentOnly>
<bounds x="1874" y="655" width="321" height="165"/>
</OView>
<OView class="oracle.dbtools.crest.swingui.relational.TVTable" oid="8C50DBA1-EB5E-0C98-90E8-2F004A1181D2" otype="Table" vid="207E8946-9700-477A-1257-F64D597462EF">
<hideElementsInCurrentOnly>false</hideElementsInCurrentOnly>
<bounds x="1642" y="1068" width="325" height="137"/>
<useDefaultColor>false</useDefaultColor>
<backgroundColor>-3342388</backgroundColor>
<foregroundColor>-16776961</foregroundColor>
</OView>
<OView class="oracle.dbtools.crest.swingui.relational.TVTable" oid="A23E19CC-FD10-9F0E-09C6-80344D4FCC75" otype="Table" vid="E451A1CD-5926-18AE-BC8D-2D674FB6DEE8">
<hideElementsInCurrentOnly>false</hideElementsInCurrentOnly>
<bounds x="380" y="250" width="216" height="117"/>
</OView>
<OView class="oracle.dbtools.crest.swingui.relational.TVTable" oid="A63FBFB4-1D5C-3B78-D3E8-88035EAEE9B7" otype="Table" vid="3AFB3AA5-19E0-8C38-B117-36345A8D03AE">
<hideElementsInCurrentOnly>false</hideElementsInCurrentOnly>
<bounds x="742" y="651" width="234" height="123"/>
</OView>
<OView class="oracle.dbtools.crest.swingui.relational.TVTable" oid="A81D36A5-4F0C-858A-5FD4-DA6E9E07C597" otype="Table" vid="2352E108-D679-F89D-A253-955063516B02">
<hideElementsInCurrentOnly>false</hideElementsInCurrentOnly>
<bounds x="1125" y="492" width="321" height="137"/>
</OView>
<OView class="oracle.dbtools.crest.swingui.relational.TVTable" oid="A9B18CF6-BFD3-6EC4-9214-478857E61AE9" otype="Table" vid="B1FEB2FB-741A-608E-CCDB-6B9571CB9D0C">
<hideElementsInCurrentOnly>false</hideElementsInCurrentOnly>
<bounds x="1499" y="448" width="275" height="437"/>
</OView>
<OView class="oracle.dbtools.crest.swingui.relational.TVTable" oid="BFD48B02-F7F0-2F61-0B17-8C44B29E9582" otype="Table" vid="73F15664-D583-617A-6A80-1179B1F4C307">
<hideElementsInCurrentOnly>false</hideElementsInCurrentOnly>
<bounds x="2237" y="891" width="260" height="89"/>
<useDefaultColor>false</useDefaultColor>
<backgroundColor>-3342388</backgroundColor>
<foregroundColor>-16776961</foregroundColor>
</OView>
<OView class="oracle.dbtools.crest.swingui.relational.TVTable" oid="D29F47D4-13E2-C720-51B0-AA77D35A41FC" otype="Table" vid="F7E50C56-13CF-9E5D-A362-F38197DD30CD">
<hideElementsInCurrentOnly>false</hideElementsInCurrentOnly>
<bounds x="1220" y="1066" width="314" height="137"/>
</OView>
<OView class="oracle.dbtools.crest.swingui.relational.TVTable" oid="D555B108-016B-F323-F76A-4F16BAA1A09F" otype="Table" vid="1411616B-798C-EF50-9CB3-C9CC31C11B6A">
<hideElementsInCurrentOnly>false</hideElementsInCurrentOnly>
<bounds x="2259" y="515" width="199" height="89"/>
<useDefaultColor>false</useDefaultColor>
<backgroundColor>-3342388</backgroundColor>
<foregroundColor>-16776961</foregroundColor>
</OView>
<OView class="oracle.dbtools.crest.swingui.relational.TVTable" oid="D7F228F5-4DBC-BB88-09C7-349506379C40" otype="Table" vid="D13A0A0A-C473-82C8-F134-94E8E5CC3F5D">
<hideElementsInCurrentOnly>false</hideElementsInCurrentOnly>
<bounds x="759" y="103" width="248" height="75"/>
<useDefaultColor>false</useDefaultColor>
<backgroundColor>-3342388</backgroundColor>
<foregroundColor>-16776961</foregroundColor>
</OView>
<OView class="oracle.dbtools.crest.swingui.relational.TVTable" oid="E275FE16-34AB-48EA-01E0-F7C2D8FD85C8" otype="Table" vid="479B7CEA-AA7E-22C1-DAA3-567D46C850B3">
<hideElementsInCurrentOnly>false</hideElementsInCurrentOnly>
<bounds x="820" y="444" width="218" height="89"/>
</OView>
<OView class="oracle.dbtools.crest.swingui.relational.TVTable" oid="E2C0ED9C-2415-0F64-C45F-78A88D367C7C" otype="Table" vid="7F31C7CE-3BBF-DF1E-D1BF-3E6E8D89C31E">
<hideElementsInCurrentOnly>false</hideElementsInCurrentOnly>
<bounds x="1407" y="100" width="300" height="89"/>
<useDefaultColor>false</useDefaultColor>
<backgroundColor>-3342388</backgroundColor>
<foregroundColor>-16776961</foregroundColor>
</OView>
<OView class="oracle.dbtools.crest.swingui.relational.TVTable" oid="E2FC8958-69FF-6790-876B-353E54F18124" otype="Table" vid="E6973049-27AF-83D1-55EB-F74FC79D78F3">
<hideElementsInCurrentOnly>false</hideElementsInCurrentOnly>
<bounds x="1874" y="888" width="279" height="137"/>
</OView>
<OView class="oracle.dbtools.crest.swingui.relational.TVTable" oid="E3D611B1-6BD8-D8C1-F2C7-1FE2687C21B9" otype="Table" vid="50BD6193-5690-CD97-8DD3-D342FC6136A2">
<hideElementsInCurrentOnly>false</hideElementsInCurrentOnly>
<bounds x="2245" y="705" width="249" height="89"/>
<useDefaultColor>false</useDefaultColor>
<backgroundColor>-3342388</backgroundColor>
<foregroundColor>-16776961</foregroundColor>
</OView>
<OView class="oracle.dbtools.crest.swingui.relational.TVTable" oid="E7FE43E8-2165-76E5-41BD-5119D8424472" otype="Table" vid="28A55190-8046-BD17-8D70-CD9FD9BF36DD">
<hideElementsInCurrentOnly>false</hideElementsInCurrentOnly>
<bounds x="1806" y="113" width="207" height="89"/>
<useDefaultColor>false</useDefaultColor>
<backgroundColor>-3342388</backgroundColor>
<foregroundColor>-16776961</foregroundColor>
</OView>
<OView class="oracle.dbtools.crest.swingui.relational.TVTable" oid="EAC07509-EB80-FAEB-6C55-D08B8011236C" otype="Table" vid="6571E7B8-79A6-3465-90F7-B4414534ECC6">
<hideElementsInCurrentOnly>false</hideElementsInCurrentOnly>
<bounds x="1226" y="885" width="228" height="75"/>
<useDefaultColor>false</useDefaultColor>
<backgroundColor>-3342388</backgroundColor>
<foregroundColor>-16776961</foregroundColor>
</OView>
<OView class="oracle.dbtools.crest.swingui.relational.TVTable" oid="EFDE3A57-E3EE-0B37-58A8-FA793CA7ECAC" otype="Table" vid="5CAB2020-3360-BB97-3A08-11CD8972628A">
<hideElementsInCurrentOnly>false</hideElementsInCurrentOnly>
<bounds x="1121" y="207" width="292" height="75"/>
<useDefaultColor>false</useDefaultColor>
<backgroundColor>-3342388</backgroundColor>
<foregroundColor>-16776961</foregroundColor>
</OView>
<OView class="oracle.dbtools.crest.swingui.relational.TVTable" oid="FFE87DED-0108-0557-E17E-52F6DA044A6D" otype="Table" vid="B156B9A7-1D2F-B1A5-35DD-F5323DCF25B3">
<hideElementsInCurrentOnly>false</hideElementsInCurrentOnly>
<bounds x="1095" y="685" width="345" height="137"/>
</OView>
</objectViews>
<connectors>
<Connector class="oracle.dbtools.crest.swingui.relational.TVFKRelation" oid="0378AFEB-9CB4-66BD-EF86-4A76136F9488" otype="FKIndexAssociation" vid_source="479B7CEA-AA7E-22C1-DAA3-567D46C850B3" vid_target="2352E108-D679-F89D-A253-955063516B02">
<hideElementsInCurrentOnly>false</hideElementsInCurrentOnly>
<backgroundColor>-16777216</backgroundColor>
<lineWidth>1</lineWidth>
<points>
<point x="1038" y="512"/>
<point x="1125" y="512"/>
</points>
</Connector>
<Connector class="oracle.dbtools.crest.swingui.relational.TVFKRelation" oid="03E08B71-B206-D1E6-FC5D-85552085DAC8" otype="FKIndexAssociation" vid_source="B1FEB2FB-741A-608E-CCDB-6B9571CB9D0C" vid_target="F7E50C56-13CF-9E5D-A362-F38197DD30CD">
<hideElementsInCurrentOnly>false</hideElementsInCurrentOnly>
<backgroundColor>-16777216</backgroundColor>
<lineWidth>1</lineWidth>
<points>
<point x="1598" y="885"/>
<point x="1598" y="1126"/>
<point x="1534" y="1126"/>
</points>
</Connector>
<Connector class="oracle.dbtools.crest.swingui.relational.TVFKRelation" oid="050C4C5E-09CA-CA9D-0D2D-7135DD782A0C" otype="FKIndexAssociation" vid_source="2352E108-D679-F89D-A253-955063516B02" vid_target="312C7D11-1911-A4B1-3FB6-1D30803D8E14">
<hideElementsInCurrentOnly>false</hideElementsInCurrentOnly>
<backgroundColor>-16777216</backgroundColor>
<lineWidth>1</lineWidth>
<points>
<point x="1153" y="492"/>
<point x="1153" y="314"/>
<point x="1070" y="314"/>
</points>
</Connector>
<Connector class="oracle.dbtools.crest.swingui.relational.TVFKRelation" oid="120C61C2-97E4-D638-8A34-F75F454AFB7F" otype="FKIndexAssociation" vid_source="4228E4DE-3F91-422D-FF8E-7AB836B5FCEF" vid_target="B1FEB2FB-741A-608E-CCDB-6B9571CB9D0C">
<hideElementsInCurrentOnly>false</hideElementsInCurrentOnly>
<backgroundColor>-16777216</backgroundColor>
<lineWidth>1</lineWidth>
<points>
<point x="1639" y="373"/>
<point x="1639" y="448"/>
</points>
</Connector>
<Connector class="oracle.dbtools.crest.swingui.relational.TVFKRelation" oid="2E9501FC-83D0-B5EA-FD6F-CCF63AE90C3E" otype="FKIndexAssociation" vid_source="28A55190-8046-BD17-8D70-CD9FD9BF36DD" vid_target="B1FEB2FB-741A-608E-CCDB-6B9571CB9D0C">
<hideElementsInCurrentOnly>false</hideElementsInCurrentOnly>
<backgroundColor>-16777216</backgroundColor>
<lineWidth>1</lineWidth>
<points>
<point x="1817" y="202"/>
<point x="1817" y="478"/>
<point x="1774" y="478"/>
</points>
</Connector>
<Connector class="oracle.dbtools.crest.swingui.relational.TVFKRelation" oid="4159149E-8AD3-13F7-7E4F-11CCF64F32CE" otype="FKIndexAssociation" vid_source="29CFC6A5-EA76-1ECD-9CAF-5D332D6502C0" vid_target="F7E50C56-13CF-9E5D-A362-F38197DD30CD">
<hideElementsInCurrentOnly>false</hideElementsInCurrentOnly>
<backgroundColor>-16777216</backgroundColor>
<lineWidth>1</lineWidth>
<points>
<point x="1147" y="1136"/>
<point x="1220" y="1136"/>
</points>
</Connector>
<Connector class="oracle.dbtools.crest.swingui.relational.TVFKRelation" oid="417B0AF8-3867-AC43-6239-AB495911F972" otype="FKIndexAssociation" vid_source="B1FEB2FB-741A-608E-CCDB-6B9571CB9D0C" vid_target="4AAC5757-22D3-BE46-DC3C-28DC088813F0">
<hideElementsInCurrentOnly>false</hideElementsInCurrentOnly>
<backgroundColor>-16777216</backgroundColor>
<lineWidth>1</lineWidth>
<points>
<point x="1774" y="611"/>
<point x="1814" y="611"/>
<point x="1880" y="611"/>
</points>
</Connector>
<Connector class="oracle.dbtools.crest.swingui.relational.TVFKRelation" oid="44D674CC-267E-4924-D3E1-265C41B5EEAC" otype="FKIndexAssociation" vid_source="5CAB2020-3360-BB97-3A08-11CD8972628A" vid_target="2352E108-D679-F89D-A253-955063516B02">
<hideElementsInCurrentOnly>false</hideElementsInCurrentOnly>
<backgroundColor>-16777216</backgroundColor>
<lineWidth>1</lineWidth>
<points>
<point x="1269" y="282"/>
<point x="1269" y="492"/>
</points>
</Connector>
<Connector class="oracle.dbtools.crest.swingui.relational.TVFKRelation" oid="58C38694-C150-AF46-EFAD-1398249F28BA" otype="FKIndexAssociation" vid_source="479B7CEA-AA7E-22C1-DAA3-567D46C850B3" vid_target="3AFB3AA5-19E0-8C38-B117-36345A8D03AE">
<hideElementsInCurrentOnly>false</hideElementsInCurrentOnly>
<backgroundColor>-16777216</backgroundColor>
<lineWidth>1</lineWidth>
<points>
<point x="898" y="533"/>
<point x="898" y="651"/>
</points>
</Connector>
<Connector class="oracle.dbtools.crest.swingui.relational.TVFKRelation" oid="6BA9005F-93DA-1B15-FF13-C7A9DB3A51B1" otype="FKIndexAssociation" vid_source="2352E108-D679-F89D-A253-955063516B02" vid_target="DDEF6107-B3E4-414F-981E-4A330F48805C">
<hideElementsInCurrentOnly>false</hideElementsInCurrentOnly>
<backgroundColor>-16777216</backgroundColor>
<lineWidth>1</lineWidth>
<points>
<point x="1125" y="581"/>
<point x="1017" y="581"/>
<point x="1017" y="877"/>
</points>
</Connector>
<Connector class="oracle.dbtools.crest.swingui.relational.TVFKRelation" oid="713794BD-E78F-513D-2E78-5805CE0A6A22" otype="FKIndexAssociation" vid_source="5F660197-BED1-3B09-9D6C-DB4DA8116597" vid_target="29CFC6A5-EA76-1ECD-9CAF-5D332D6502C0">
<hideElementsInCurrentOnly>false</hideElementsInCurrentOnly>
<backgroundColor>-16777216</backgroundColor>
<lineWidth>1</lineWidth>
<points>
<point x="715" y="1137"/>
<point x="811" y="1137"/>
</points>
</Connector>
<Connector class="oracle.dbtools.crest.swingui.relational.TVFKRelation" oid="726077E9-8F45-4FD6-99F8-1DA8D06C614A" otype="FKIndexAssociation" vid_source="B1FEB2FB-741A-608E-CCDB-6B9571CB9D0C" vid_target="D5600CD1-FE24-E60F-250D-01CAB33A6052">
<hideElementsInCurrentOnly>false</hideElementsInCurrentOnly>
<backgroundColor>-16777216</backgroundColor>
<lineWidth>1</lineWidth>
<points>
<point x="1774" y="541"/>
<point x="1845" y="541"/>
<point x="1845" y="343"/>
<point x="1876" y="343"/>
</points>
</Connector>
<Connector class="oracle.dbtools.crest.swingui.relational.TVFKRelation" oid="7A965BFB-B3E5-4CC3-6E4A-BCD65C408A83" otype="FKIndexAssociation" vid_source="E451A1CD-5926-18AE-BC8D-2D674FB6DEE8" vid_target="312C7D11-1911-A4B1-3FB6-1D30803D8E14">
<hideElementsInCurrentOnly>false</hideElementsInCurrentOnly>
<backgroundColor>-16777216</backgroundColor>
<lineWidth>1</lineWidth>
<points>
<point x="596" y="323"/>
<point x="675" y="323"/>
</points>
</Connector>
<Connector class="oracle.dbtools.crest.swingui.relational.TVFKRelation" oid="7F9AD21A-E381-253F-F5A3-5CE03D9E0890" otype="FKIndexAssociation" vid_source="7F31C7CE-3BBF-DF1E-D1BF-3E6E8D89C31E" vid_target="B1FEB2FB-741A-608E-CCDB-6B9571CB9D0C">
<hideElementsInCurrentOnly>false</hideElementsInCurrentOnly>
<backgroundColor>-16777216</backgroundColor>
<lineWidth>1</lineWidth>
<points>
<point x="1443" y="189"/>
<point x="1443" y="454"/>
<point x="1499" y="454"/>
</points>
</Connector>
<Connector class="oracle.dbtools.crest.swingui.relational.TVFKRelation" oid="8265FAFA-276B-EEBC-57CE-48020407E1F7" otype="FKIndexAssociation" vid_source="207E8946-9700-477A-1257-F64D597462EF" vid_target="B1FEB2FB-741A-608E-CCDB-6B9571CB9D0C">
<hideElementsInCurrentOnly>false</hideElementsInCurrentOnly>
<backgroundColor>-16777216</backgroundColor>
<lineWidth>1</lineWidth>
<points>
<point x="1708" y="1068"/>
<point x="1708" y="885"/>
</points>
</Connector>
<Connector class="oracle.dbtools.crest.swingui.relational.TVFKRelation" oid="966CDE11-CE1A-89A5-90FE-D833F58EBEFB" otype="FKIndexAssociation" vid_source="B1FEB2FB-741A-608E-CCDB-6B9571CB9D0C" vid_target="B156B9A7-1D2F-B1A5-35DD-F5323DCF25B3">
<hideElementsInCurrentOnly>false</hideElementsInCurrentOnly>
<backgroundColor>-16777216</backgroundColor>
<lineWidth>1</lineWidth>
<points>
<point x="1499" y="753"/>
<point x="1440" y="753"/>
</points>
</Connector>
<Connector class="oracle.dbtools.crest.swingui.relational.TVFKRelation" oid="9705AEC5-158D-97BA-B214-C656BAD4C8F7" otype="FKIndexAssociation" vid_source="D13A0A0A-C473-82C8-F134-94E8E5CC3F5D" vid_target="312C7D11-1911-A4B1-3FB6-1D30803D8E14">
<hideElementsInCurrentOnly>false</hideElementsInCurrentOnly>
<backgroundColor>-16777216</backgroundColor>
<lineWidth>1</lineWidth>
<points>
<point x="883" y="178"/>
<point x="883" y="242"/>
</points>
</Connector>
<Connector class="oracle.dbtools.crest.swingui.relational.TVFKRelation" oid="9921841A-1D2E-F215-CF15-56D4EE7195F3" otype="FKIndexAssociation" vid_source="8382E3F9-A6DE-13FB-5C42-5D8DC5BEF5C4" vid_target="207E8946-9700-477A-1257-F64D597462EF">
<hideElementsInCurrentOnly>false</hideElementsInCurrentOnly>
<backgroundColor>-16777216</backgroundColor>
<lineWidth>1</lineWidth>
<points>
<point x="2223" y="1120"/>
<point x="1967" y="1120"/>
</points>
</Connector>
<Connector class="oracle.dbtools.crest.swingui.relational.TVFKRelation" oid="B097E0A6-9000-4420-17A6-18DD9C583AD5" otype="FKIndexAssociation" vid_source="E451A1CD-5926-18AE-BC8D-2D674FB6DEE8" vid_target="86C56A24-D4B6-65CD-BF13-05537F2F1F0E">
<hideElementsInCurrentOnly>false</hideElementsInCurrentOnly>
<backgroundColor>-16777216</backgroundColor>
<lineWidth>1</lineWidth>
<points>
<point x="511" y="367"/>
<point x="511" y="471"/>
</points>
</Connector>
<Connector class="oracle.dbtools.crest.swingui.relational.TVFKRelation" oid="B0983D67-87ED-809F-68C3-FFD410F63458" otype="FKIndexAssociation" vid_source="6571E7B8-79A6-3465-90F7-B4414534ECC6" vid_target="DDEF6107-B3E4-414F-981E-4A330F48805C">
<hideElementsInCurrentOnly>false</hideElementsInCurrentOnly>
<backgroundColor>-16777216</backgroundColor>
<lineWidth>1</lineWidth>
<points>
<point x="1226" y="922"/>
<point x="1129" y="922"/>
</points>
</Connector>
<Connector class="oracle.dbtools.crest.swingui.relational.TVFKRelation" oid="B2A5F24F-B705-B6B8-96AB-ECC6B35ED536" otype="FKIndexAssociation" vid_source="1411616B-798C-EF50-9CB3-C9CC31C11B6A" vid_target="4AAC5757-22D3-BE46-DC3C-28DC088813F0">
<hideElementsInCurrentOnly>false</hideElementsInCurrentOnly>
<backgroundColor>-16777216</backgroundColor>
<lineWidth>1</lineWidth>
<points>
<point x="2259" y="559"/>
<point x="2178" y="559"/>
</points>
</Connector>
<Connector class="oracle.dbtools.crest.swingui.relational.TVFKRelation" oid="CE532B52-EF47-77AF-2AC1-60651682F0A3" otype="FKIndexAssociation" vid_source="73F15664-D583-617A-6A80-1179B1F4C307" vid_target="E6973049-27AF-83D1-55EB-F74FC79D78F3">
<hideElementsInCurrentOnly>false</hideElementsInCurrentOnly>
<backgroundColor>-16777216</backgroundColor>
<lineWidth>1</lineWidth>
<points>
<point x="2237" y="935"/>
<point x="2153" y="935"/>
</points>
</Connector>
<Connector class="oracle.dbtools.crest.swingui.relational.TVFKRelation" oid="D1974322-0B70-9248-0AA5-D99DFE3260E3" otype="FKIndexAssociation" vid_source="B1FEB2FB-741A-608E-CCDB-6B9571CB9D0C" vid_target="BC32F790-672E-5AF6-7FC4-0A4473B536D6">
<hideElementsInCurrentOnly>false</hideElementsInCurrentOnly>
<backgroundColor>-16777216</backgroundColor>
<lineWidth>1</lineWidth>
<points>
<point x="1774" y="804"/>
<point x="1803" y="804"/>
<point x="1874" y="804"/>
</points>
</Connector>
<Connector class="oracle.dbtools.crest.swingui.relational.TVFKRelation" oid="D70CB290-D9D9-A3DA-2E1C-9E27CF82471C" otype="FKIndexAssociation" vid_source="479B7CEA-AA7E-22C1-DAA3-567D46C850B3" vid_target="86C56A24-D4B6-65CD-BF13-05537F2F1F0E">
<hideElementsInCurrentOnly>false</hideElementsInCurrentOnly>
<backgroundColor>-16777216</backgroundColor>
<lineWidth>1</lineWidth>
<points>
<point x="820" y="502"/>
<point x="682" y="502"/>
</points>
</Connector>
<Connector class="oracle.dbtools.crest.swingui.relational.TVFKRelation" oid="D7B82DF4-DD81-1B5A-C16C-BDE862C47D2C" otype="FKIndexAssociation" vid_source="4276CFC6-6EEB-C8A7-CEAD-3E6E85D8D7F9" vid_target="3AFB3AA5-19E0-8C38-B117-36345A8D03AE">
<hideElementsInCurrentOnly>false</hideElementsInCurrentOnly>
<backgroundColor>-16777216</backgroundColor>
<lineWidth>1</lineWidth>
<points>
<point x="647" y="694"/>
<point x="742" y="694"/>
</points>
</Connector>
<Connector class="oracle.dbtools.crest.swingui.relational.TVFKRelation" oid="E0D9D238-5E69-8DFA-09A6-16E01BC81A3D" otype="FKIndexAssociation" vid_source="59D4DC4A-467D-649B-C638-BF8C967F8265" vid_target="D5600CD1-FE24-E60F-250D-01CAB33A6052">
<hideElementsInCurrentOnly>false</hideElementsInCurrentOnly>
<backgroundColor>-16777216</backgroundColor>
<lineWidth>1</lineWidth>
<points>
<point x="2298" y="250"/>
<point x="2298" y="404"/>
<point x="2216" y="404"/>
</points>
</Connector>
<Connector class="oracle.dbtools.crest.swingui.relational.TVFKRelation" oid="E75DC106-B270-4051-CAD2-AF20A0487981" otype="FKIndexAssociation" vid_source="2352E108-D679-F89D-A253-955063516B02" vid_target="B156B9A7-1D2F-B1A5-35DD-F5323DCF25B3">
<hideElementsInCurrentOnly>false</hideElementsInCurrentOnly>
<backgroundColor>-16777216</backgroundColor>
<lineWidth>1</lineWidth>
<points>
<point x="1282" y="629"/>
<point x="1282" y="685"/>
</points>
</Connector>
<Connector class="oracle.dbtools.crest.swingui.relational.TVFKRelation" oid="E863F2F8-D2D8-99FD-0DB6-2B087782DB5E" otype="FKIndexAssociation" vid_source="50BD6193-5690-CD97-8DD3-D342FC6136A2" vid_target="BC32F790-672E-5AF6-7FC4-0A4473B536D6">
<hideElementsInCurrentOnly>false</hideElementsInCurrentOnly>
<backgroundColor>-16777216</backgroundColor>
<lineWidth>1</lineWidth>
<points>
<point x="2245" y="749"/>
<point x="2195" y="749"/>
</points>
</Connector>
<Connector class="oracle.dbtools.crest.swingui.relational.TVFKRelation" oid="FC167232-E1C3-F42A-B0B5-971AF7A1E083" otype="FKIndexAssociation" vid_source="6571E7B8-79A6-3465-90F7-B4414534ECC6" vid_target="B1FEB2FB-741A-608E-CCDB-6B9571CB9D0C">
<hideElementsInCurrentOnly>false</hideElementsInCurrentOnly>
<backgroundColor>-16777216</backgroundColor>
<lineWidth>1</lineWidth>
<points>
<point x="1454" y="946"/>
<point x="1526" y="946"/>
<point x="1526" y="885"/>
</points>
</Connector>
<Connector class="oracle.dbtools.crest.swingui.relational.TVFKRelation" oid="FE50F15F-E187-8414-C08F-BE553FC41033" otype="FKIndexAssociation" vid_source="B1FEB2FB-741A-608E-CCDB-6B9571CB9D0C" vid_target="E6973049-27AF-83D1-55EB-F74FC79D78F3">
<hideElementsInCurrentOnly>false</hideElementsInCurrentOnly>
<backgroundColor>-16777216</backgroundColor>
<lineWidth>1</lineWidth>
<points>
<point x="1761" y="885"/>
<point x="1761" y="908"/>
<point x="1874" y="908"/>
</points>
</Connector>
</connectors>
<displays>
<Display class="oracle.dbtools.crest.swingui.relational.DPVRelational" name="Display_1" id="4CE75669-87BE-EB22-E278-1F2F441EE204">
<createdBy>Крот</createdBy>
<modifiedBy>Крот</modifiedBy>
<createdTime>2022-06-16 17:07:56 UTC</createdTime>
<autoRoute>false</autoRoute>
<boxInbox>true</boxInbox>
<showLegend>false</showLegend>
<showLabels>false</showLabels>
<showRelAttributes>false</showRelAttributes>
<gridEnabled>false</gridEnabled>
<showGrid>false</showGrid>
<diagramColor>-1</diagramColor>
<display>true</display>
<notation>1</notation>
<showAllDetails>false</showAllDetails>
<showComments>true</showComments>
<showNamesOnly>true</showNamesOnly>
<objectViews>
<OView class="oracle.dbtools.crest.swingui.relational.TVTable" oid="09F8AB82-B1A6-E301-2E7C-7801A647269C" otype="Table" vid="B483C800-61D4-01A4-4C77-7ADDA1FF0552">
<hideElementsInCurrentOnly>false</hideElementsInCurrentOnly>
<bounds x="1513" y="179" width="106" height="22"/>
<useDefaultColor>false</useDefaultColor>
<backgroundColor>-3342388</backgroundColor>
<foregroundColor>-16776961</foregroundColor>
</OView>
<OView class="oracle.dbtools.crest.swingui.relational.TVTable" oid="337FF442-EA1D-1966-EB10-EC24B196592B" otype="Table" vid="A9AA2725-F672-FC65-279F-B03EF42D5F8A">
<hideElementsInCurrentOnly>false</hideElementsInCurrentOnly>
<bounds x="70" y="90" width="170" height="110"/>
</OView>
<OView class="oracle.dbtools.crest.swingui.relational.TVTable" oid="3957DA47-939C-2E30-4151-B77400DE3D1A" otype="Table" vid="58C573CF-05EC-0C89-9C0F-5BDBA61C6665">
<hideElementsInCurrentOnly>false</hideElementsInCurrentOnly>
<bounds x="140" y="230" width="170" height="110"/>
</OView>
<OView class="oracle.dbtools.crest.swingui.relational.TVTable" oid="4D27F69D-91B9-1324-2659-CEA9E5322564" otype="Table" vid="657E54E3-3073-9986-95C0-A0C90B73E46B">
<hideElementsInCurrentOnly>false</hideElementsInCurrentOnly>
<bounds x="1178" y="339" width="167" height="22"/>
</OView>
<OView class="oracle.dbtools.crest.swingui.relational.TVTable" oid="52811135-20BD-ECC5-F91A-014962541CB5" otype="Table" vid="366B1F24-F865-77D0-FFD0-EA2C1C5041DD">
<hideElementsInCurrentOnly>false</hideElementsInCurrentOnly>
<bounds x="435" y="284" width="192" height="54"/>
</OView>
<OView class="oracle.dbtools.crest.swingui.relational.TVTable" oid="57389376-BB83-0F7E-BB16-C5423D570EF9" otype="Table" vid="F2D50E0C-8F21-728B-60CD-8E118EAC280E">
<hideElementsInCurrentOnly>false</hideElementsInCurrentOnly>
<bounds x="197" y="270" width="156" height="82"/>
</OView>
<OView class="oracle.dbtools.crest.swingui.relational.TVTable" oid="58045409-379C-BB1C-A7C1-E906F7D8B9E1" otype="Table" vid="09368ABD-64A2-502A-177C-CC0B536BE01E">
<hideElementsInCurrentOnly>false</hideElementsInCurrentOnly>
<bounds x="17" y="557" width="143" height="22"/>
</OView>
<OView class="oracle.dbtools.crest.swingui.relational.TVTable" oid="5B109FB2-10DD-7D29-7BDE-FD538E6423A3" otype="Table" vid="F4BB4377-5D88-27CF-EEA6-B2D81B1C6970">
<hideElementsInCurrentOnly>false</hideElementsInCurrentOnly>
<bounds x="31" y="735" width="175" height="54"/>
<useDefaultColor>false</useDefaultColor>
<backgroundColor>-3342388</backgroundColor>
<foregroundColor>-16776961</foregroundColor>
</OView>
<OView class="oracle.dbtools.crest.swingui.relational.TVTable" oid="6B4DEC92-5A8A-5640-D85F-2B349AAD0533" otype="Table" vid="16D08FD8-84E6-2CB3-A653-4921F6C78164">
<hideElementsInCurrentOnly>false</hideElementsInCurrentOnly>
<bounds x="852" y="56" width="144" height="40"/>
<useDefaultColor>false</useDefaultColor>
<backgroundColor>-3342388</backgroundColor>
<foregroundColor>-16776961</foregroundColor>
</OView>
<OView class="oracle.dbtools.crest.swingui.relational.TVTable" oid="8523760C-D8A9-6967-C5E5-77D0F580C10B" otype="Table" vid="9615CD9B-EC38-F4ED-0158-E62A26197C94">
<hideElementsInCurrentOnly>false</hideElementsInCurrentOnly>
<bounds x="376" y="782" width="191" height="40"/>
<useDefaultColor>false</useDefaultColor>
<backgroundColor>-3342388</backgroundColor>
<foregroundColor>-16776961</foregroundColor>
</OView>
<OView class="oracle.dbtools.crest.swingui.relational.TVTable" oid="877A2E2E-411D-2196-CC07-3A6FC26B6945" otype="Table" vid="E1AF20A8-4332-27AA-CE5C-64AE264CA0AD">
<hideElementsInCurrentOnly>false</hideElementsInCurrentOnly>
<bounds x="200" y="350" width="170" height="110"/>
</OView>
<OView class="oracle.dbtools.crest.swingui.relational.TVTable" oid="88C1A5B6-0B75-7E32-CB23-14193CAAF260" otype="Table" vid="80386078-805D-8A27-99D8-1A3D8851A25C">
<hideElementsInCurrentOnly>false</hideElementsInCurrentOnly>
<bounds x="1168" y="500" width="157" height="54"/>
</OView>
<OView class="oracle.dbtools.crest.swingui.relational.TVTable" oid="8C50DBA1-EB5E-0C98-90E8-2F004A1181D2" otype="Table" vid="F2DC71AD-04B6-E7EB-E563-42F6C86A2A96">
<hideElementsInCurrentOnly>false</hideElementsInCurrentOnly>
<bounds x="723" y="737" width="148" height="40"/>
<useDefaultColor>false</useDefaultColor>
<backgroundColor>-3342388</backgroundColor>
<foregroundColor>-16776961</foregroundColor>
</OView>
<OView class="oracle.dbtools.crest.swingui.relational.TVTable" oid="A23E19CC-FD10-9F0E-09C6-80344D4FCC75" otype="Table" vid="E6B693D5-C705-DCC0-F46A-91BFA73F9B80">
<hideElementsInCurrentOnly>false</hideElementsInCurrentOnly>
<bounds x="250" y="175" width="111" height="68"/>
</OView>
<OView class="oracle.dbtools.crest.swingui.relational.TVTable" oid="A63FBFB4-1D5C-3B78-D3E8-88035EAEE9B7" otype="Table" vid="50E18254-FD1B-8009-C046-1FF7A17BA958">
<hideElementsInCurrentOnly>false</hideElementsInCurrentOnly>
<bounds x="270" y="490" width="170" height="110"/>
</OView>
<OView class="oracle.dbtools.crest.swingui.relational.TVTable" oid="A81D36A5-4F0C-858A-5FD4-DA6E9E07C597" otype="Table" vid="864ADF2B-39CE-0091-A855-4AB939A3E55E">
<hideElementsInCurrentOnly>false</hideElementsInCurrentOnly>
<bounds x="100" y="150" width="170" height="110"/>
</OView>
<OView class="oracle.dbtools.crest.swingui.relational.TVTable" oid="A9B18CF6-BFD3-6EC4-9214-478857E61AE9" otype="Table" vid="32D8B517-F357-1DC3-A5AA-2ECB3AD6010E">
<hideElementsInCurrentOnly>false</hideElementsInCurrentOnly>
<bounds x="712" y="298" width="211" height="68"/>
</OView>
<OView class="oracle.dbtools.crest.swingui.relational.TVTable" oid="BFD48B02-F7F0-2F61-0B17-8C44B29E9582" otype="Table" vid="7D5070F3-4602-A52A-EB32-C11F7BFA76C6">
<hideElementsInCurrentOnly>false</hideElementsInCurrentOnly>
<bounds x="1500" y="695" width="137" height="40"/>
<useDefaultColor>false</useDefaultColor>
<backgroundColor>-3342388</backgroundColor>
<foregroundColor>-16776961</foregroundColor>
</OView>
<OView class="oracle.dbtools.crest.swingui.relational.TVTable" oid="D29F47D4-13E2-C720-51B0-AA77D35A41FC" otype="Table" vid="81370DD5-C26B-DFC3-4E0A-1AEFACBA4D1B">
<hideElementsInCurrentOnly>false</hideElementsInCurrentOnly>
<bounds x="431" y="549" width="179" height="67"/>
</OView>
<OView class="oracle.dbtools.crest.swingui.relational.TVTable" oid="D555B108-016B-F323-F76A-4F16BAA1A09F" otype="Table" vid="34CF0EB1-52F7-FD29-947C-CE800BC73A65">
<hideElementsInCurrentOnly>false</hideElementsInCurrentOnly>
<bounds x="1523" y="344" width="131" height="40"/>
<useDefaultColor>false</useDefaultColor>
<backgroundColor>-3342388</backgroundColor>
<foregroundColor>-16776961</foregroundColor>
</OView>
<OView class="oracle.dbtools.crest.swingui.relational.TVTable" oid="D7F228F5-4DBC-BB88-09C7-349506379C40" otype="Table" vid="60BBF72F-9C22-72C2-2507-006FEEC7E7F3">
<hideElementsInCurrentOnly>false</hideElementsInCurrentOnly>
<bounds x="170" y="290" width="170" height="110"/>
<useDefaultColor>false</useDefaultColor>
<backgroundColor>-3342388</backgroundColor>
<foregroundColor>-16776961</foregroundColor>
</OView>
<OView class="oracle.dbtools.crest.swingui.relational.TVTable" oid="E275FE16-34AB-48EA-01E0-F7C2D8FD85C8" otype="Table" vid="D90FA12A-51E7-0E66-B11F-1F9D85DCA444">
<hideElementsInCurrentOnly>false</hideElementsInCurrentOnly>
<bounds x="60" y="70" width="170" height="110"/>
</OView>
<OView class="oracle.dbtools.crest.swingui.relational.TVTable" oid="E2C0ED9C-2415-0F64-C45F-78A88D367C7C" otype="Table" vid="986FEFF2-107A-3C7A-7B1C-A84FCD391D95">
<hideElementsInCurrentOnly>false</hideElementsInCurrentOnly>
<bounds x="509" y="56" width="132" height="82"/>
<useDefaultColor>false</useDefaultColor>
<backgroundColor>-3342388</backgroundColor>
<foregroundColor>-16776961</foregroundColor>
</OView>
<OView class="oracle.dbtools.crest.swingui.relational.TVTable" oid="E2FC8958-69FF-6790-876B-353E54F18124" otype="Table" vid="0679907E-6D8A-2846-B9BF-8721303EC475">
<hideElementsInCurrentOnly>false</hideElementsInCurrentOnly>
<bounds x="1173" y="699" width="141" height="40"/>
</OView>
<OView class="oracle.dbtools.crest.swingui.relational.TVTable" oid="E3D611B1-6BD8-D8C1-F2C7-1FE2687C21B9" otype="Table" vid="833AD762-9309-4C9F-FEE7-C7159FDCF03B">
<hideElementsInCurrentOnly>false</hideElementsInCurrentOnly>
<bounds x="1530" y="506" width="191" height="54"/>
<useDefaultColor>false</useDefaultColor>
<backgroundColor>-3342388</backgroundColor>
<foregroundColor>-16776961</foregroundColor>
</OView>
<OView class="oracle.dbtools.crest.swingui.relational.TVTable" oid="E7FE43E8-2165-76E5-41BD-5119D8424472" otype="Table" vid="56653E25-378B-FB29-7C7A-59EFEC746DC7">
<hideElementsInCurrentOnly>false</hideElementsInCurrentOnly>
<bounds x="1099" y="54" width="138" height="54"/>
<useDefaultColor>false</useDefaultColor>
<backgroundColor>-3342388</backgroundColor>
<foregroundColor>-16776961</foregroundColor>
</OView>
<OView class="oracle.dbtools.crest.swingui.relational.TVTable" oid="EAC07509-EB80-FAEB-6C55-D08B8011236C" otype="Table" vid="B608EEB1-36B2-A361-5688-9FB314E9FDBD">
<hideElementsInCurrentOnly>false</hideElementsInCurrentOnly>
<bounds x="190" y="330" width="170" height="110"/>
<useDefaultColor>false</useDefaultColor>
<backgroundColor>-3342388</backgroundColor>
<foregroundColor>-16776961</foregroundColor>
</OView>
<OView class="oracle.dbtools.crest.swingui.relational.TVTable" oid="EFDE3A57-E3EE-0B37-58A8-FA793CA7ECAC" otype="Table" vid="3FACDC16-C393-9E71-AADE-0C9C676587C3">
<hideElementsInCurrentOnly>false</hideElementsInCurrentOnly>
<bounds x="120" y="190" width="170" height="110"/>
<useDefaultColor>false</useDefaultColor>
<backgroundColor>-3342388</backgroundColor>
<foregroundColor>-16776961</foregroundColor>
</OView>
<OView class="oracle.dbtools.crest.swingui.relational.TVTable" oid="FFE87DED-0108-0557-E17E-52F6DA044A6D" otype="Table" vid="6AD32E75-3EF1-E365-8F96-CA48859FE323">
<hideElementsInCurrentOnly>false</hideElementsInCurrentOnly>
<bounds x="230" y="410" width="170" height="110"/>
</OView>
</objectViews>
<connectors>
<Connector class="oracle.dbtools.crest.swingui.relational.TVFKRelation" oid="0378AFEB-9CB4-66BD-EF86-4A76136F9488" otype="FKIndexAssociation" vid_source="D90FA12A-51E7-0E66-B11F-1F9D85DCA444" vid_target="864ADF2B-39CE-0091-A855-4AB939A3E55E">
<hideElementsInCurrentOnly>false</hideElementsInCurrentOnly>
<backgroundColor>-16777216</backgroundColor>
<lineWidth>1</lineWidth>
<points>
<point x="230" y="165"/>
<point x="100" y="165"/>
</points>
</Connector>
<Connector class="oracle.dbtools.crest.swingui.relational.TVFKRelation" oid="03E08B71-B206-D1E6-FC5D-85552085DAC8" otype="FKIndexAssociation" vid_source="32D8B517-F357-1DC3-A5AA-2ECB3AD6010E" vid_target="81370DD5-C26B-DFC3-4E0A-1AEFACBA4D1B">
<hideElementsInCurrentOnly>false</hideElementsInCurrentOnly>
<backgroundColor>-16777216</backgroundColor>
<lineWidth>1</lineWidth>
<points>
<point x="777" y="366"/>
<point x="560" y="549"/>
</points>
</Connector>
<Connector class="oracle.dbtools.crest.swingui.relational.TVFKRelation" oid="050C4C5E-09CA-CA9D-0D2D-7135DD782A0C" otype="FKIndexAssociation" vid_source="864ADF2B-39CE-0091-A855-4AB939A3E55E" vid_target="58C573CF-05EC-0C89-9C0F-5BDBA61C6665">
<hideElementsInCurrentOnly>false</hideElementsInCurrentOnly>
<backgroundColor>-16777216</backgroundColor>
<lineWidth>1</lineWidth>
<points>
<point x="270" y="245"/>
<point x="140" y="245"/>
</points>
</Connector>
<Connector class="oracle.dbtools.crest.swingui.relational.TVFKRelation" oid="120C61C2-97E4-D638-8A34-F75F454AFB7F" otype="FKIndexAssociation" vid_source="16D08FD8-84E6-2CB3-A653-4921F6C78164" vid_target="32D8B517-F357-1DC3-A5AA-2ECB3AD6010E">
<hideElementsInCurrentOnly>false</hideElementsInCurrentOnly>
<backgroundColor>-16777216</backgroundColor>
<lineWidth>1</lineWidth>
<points>
<point x="887" y="96"/>
<point x="887" y="298"/>
</points>
</Connector>
<Connector class="oracle.dbtools.crest.swingui.relational.TVFKRelation" oid="2E9501FC-83D0-B5EA-FD6F-CCF63AE90C3E" otype="FKIndexAssociation" vid_source="56653E25-378B-FB29-7C7A-59EFEC746DC7" vid_target="32D8B517-F357-1DC3-A5AA-2ECB3AD6010E">
<hideElementsInCurrentOnly>false</hideElementsInCurrentOnly>
<backgroundColor>-16777216</backgroundColor>
<lineWidth>1</lineWidth>
<points>
<point x="1134" y="108"/>
<point x="1134" y="274"/>
<point x="923" y="298"/>
</points>
</Connector>
<Connector class="oracle.dbtools.crest.swingui.relational.TVFKRelation" oid="4159149E-8AD3-13F7-7E4F-11CCF64F32CE" otype="FKIndexAssociation" vid_source="09368ABD-64A2-502A-177C-CC0B536BE01E" vid_target="81370DD5-C26B-DFC3-4E0A-1AEFACBA4D1B">
<hideElementsInCurrentOnly>false</hideElementsInCurrentOnly>
<backgroundColor>-16777216</backgroundColor>
<lineWidth>1</lineWidth>
<points>
<point x="160" y="568"/>
<point x="431" y="568"/>
</points>
</Connector>
<Connector class="oracle.dbtools.crest.swingui.relational.TVFKRelation" oid="417B0AF8-3867-AC43-6239-AB495911F972" otype="FKIndexAssociation" vid_source="32D8B517-F357-1DC3-A5AA-2ECB3AD6010E" vid_target="657E54E3-3073-9986-95C0-A0C90B73E46B">
<hideElementsInCurrentOnly>false</hideElementsInCurrentOnly>
<backgroundColor>-16777216</backgroundColor>
<lineWidth>1</lineWidth>
<points>
<point x="923" y="366"/>
<point x="1131" y="407"/>
<point x="1178" y="361"/>
</points>
</Connector>
<Connector class="oracle.dbtools.crest.swingui.relational.TVFKRelation" oid="44D674CC-267E-4924-D3E1-265C41B5EEAC" otype="FKIndexAssociation" vid_source="3FACDC16-C393-9E71-AADE-0C9C676587C3" vid_target="864ADF2B-39CE-0091-A855-4AB939A3E55E">
<hideElementsInCurrentOnly>false</hideElementsInCurrentOnly>
<backgroundColor>-16777216</backgroundColor>
<lineWidth>1</lineWidth>
<points>
<point x="120" y="225"/>
<point x="270" y="225"/>
</points>
</Connector>
<Connector class="oracle.dbtools.crest.swingui.relational.TVFKRelation" oid="58C38694-C150-AF46-EFAD-1398249F28BA" otype="FKIndexAssociation" vid_source="D90FA12A-51E7-0E66-B11F-1F9D85DCA444" vid_target="50E18254-FD1B-8009-C046-1FF7A17BA958">
<hideElementsInCurrentOnly>false</hideElementsInCurrentOnly>
<backgroundColor>-16777216</backgroundColor>
<lineWidth>1</lineWidth>
<points>
<point x="172" y="180"/>
<point x="327" y="490"/>
</points>
</Connector>
<Connector class="oracle.dbtools.crest.swingui.relational.TVFKRelation" oid="6BA9005F-93DA-1B15-FF13-C7A9DB3A51B1" otype="FKIndexAssociation" vid_source="864ADF2B-39CE-0091-A855-4AB939A3E55E" vid_target="E1AF20A8-4332-27AA-CE5C-64AE264CA0AD">
<hideElementsInCurrentOnly>false</hideElementsInCurrentOnly>
<backgroundColor>-16777216</backgroundColor>
<lineWidth>1</lineWidth>
<points>
<point x="235" y="260"/>
<point x="235" y="350"/>
</points>
</Connector>
<Connector class="oracle.dbtools.crest.swingui.relational.TVFKRelation" oid="713794BD-E78F-513D-2E78-5805CE0A6A22" otype="FKIndexAssociation" vid_source="F4BB4377-5D88-27CF-EEA6-B2D81B1C6970" vid_target="09368ABD-64A2-502A-177C-CC0B536BE01E">
<hideElementsInCurrentOnly>false</hideElementsInCurrentOnly>
<backgroundColor>-16777216</backgroundColor>
<lineWidth>1</lineWidth>
<points>
<point x="188" y="735"/>
<point x="160" y="579"/>
</points>
</Connector>
<Connector class="oracle.dbtools.crest.swingui.relational.TVFKRelation" oid="726077E9-8F45-4FD6-99F8-1DA8D06C614A" otype="FKIndexAssociation" vid_source="32D8B517-F357-1DC3-A5AA-2ECB3AD6010E" vid_target="366B1F24-F865-77D0-FFD0-EA2C1C5041DD">
<hideElementsInCurrentOnly>false</hideElementsInCurrentOnly>
<backgroundColor>-16777216</backgroundColor>
<lineWidth>1</lineWidth>
<points>
<point x="712" y="318"/>
<point x="627" y="318"/>
</points>
</Connector>
<Connector class="oracle.dbtools.crest.swingui.relational.TVFKRelation" oid="7A965BFB-B3E5-4CC3-6E4A-BCD65C408A83" otype="FKIndexAssociation" vid_source="E6B693D5-C705-DCC0-F46A-91BFA73F9B80" vid_target="58C573CF-05EC-0C89-9C0F-5BDBA61C6665">
<hideElementsInCurrentOnly>false</hideElementsInCurrentOnly>
<backgroundColor>-16777216</backgroundColor>
<lineWidth>1</lineWidth>
<points>
<point x="250" y="236"/>
<point x="310" y="236"/>
</points>
</Connector>
<Connector class="oracle.dbtools.crest.swingui.relational.TVFKRelation" oid="7F9AD21A-E381-253F-F5A3-5CE03D9E0890" otype="FKIndexAssociation" vid_source="986FEFF2-107A-3C7A-7B1C-A84FCD391D95" vid_target="32D8B517-F357-1DC3-A5AA-2ECB3AD6010E">
<hideElementsInCurrentOnly>false</hideElementsInCurrentOnly>
<backgroundColor>-16777216</backgroundColor>
<lineWidth>1</lineWidth>
<points>
<point x="641" y="138"/>
<point x="760" y="250"/>
<point x="760" y="298"/>
</points>
</Connector>
<Connector class="oracle.dbtools.crest.swingui.relational.TVFKRelation" oid="8265FAFA-276B-EEBC-57CE-48020407E1F7" otype="FKIndexAssociation" vid_source="F2DC71AD-04B6-E7EB-E563-42F6C86A2A96" vid_target="32D8B517-F357-1DC3-A5AA-2ECB3AD6010E">
<hideElementsInCurrentOnly>false</hideElementsInCurrentOnly>
<backgroundColor>-16777216</backgroundColor>
<lineWidth>1</lineWidth>
<points>
<point x="797" y="737"/>
<point x="797" y="366"/>
</points>
</Connector>
<Connector class="oracle.dbtools.crest.swingui.relational.TVFKRelation" oid="966CDE11-CE1A-89A5-90FE-D833F58EBEFB" otype="FKIndexAssociation" vid_source="32D8B517-F357-1DC3-A5AA-2ECB3AD6010E" vid_target="6AD32E75-3EF1-E365-8F96-CA48859FE323">
<hideElementsInCurrentOnly>false</hideElementsInCurrentOnly>
<backgroundColor>-16777216</backgroundColor>
<lineWidth>1</lineWidth>
<points>
<point x="712" y="359"/>
<point x="400" y="442"/>
</points>
</Connector>
<Connector class="oracle.dbtools.crest.swingui.relational.TVFKRelation" oid="9705AEC5-158D-97BA-B214-C656BAD4C8F7" otype="FKIndexAssociation" vid_source="60BBF72F-9C22-72C2-2507-006FEEC7E7F3" vid_target="58C573CF-05EC-0C89-9C0F-5BDBA61C6665">
<hideElementsInCurrentOnly>false</hideElementsInCurrentOnly>
<backgroundColor>-16777216</backgroundColor>
<lineWidth>1</lineWidth>
<points>
<point x="170" y="315"/>
<point x="310" y="315"/>
</points>
</Connector>
<Connector class="oracle.dbtools.crest.swingui.relational.TVFKRelation" oid="9921841A-1D2E-F215-CF15-56D4EE7195F3" otype="FKIndexAssociation" vid_source="9615CD9B-EC38-F4ED-0158-E62A26197C94" vid_target="F2DC71AD-04B6-E7EB-E563-42F6C86A2A96">
<hideElementsInCurrentOnly>false</hideElementsInCurrentOnly>
<backgroundColor>-16777216</backgroundColor>
<lineWidth>1</lineWidth>
<points>
<point x="567" y="822"/>
<point x="723" y="777"/>
</points>
</Connector>
<Connector class="oracle.dbtools.crest.swingui.relational.TVFKRelation" oid="B097E0A6-9000-4420-17A6-18DD9C583AD5" otype="FKIndexAssociation" vid_source="E6B693D5-C705-DCC0-F46A-91BFA73F9B80" vid_target="A9AA2725-F672-FC65-279F-B03EF42D5F8A">
<hideElementsInCurrentOnly>false</hideElementsInCurrentOnly>
<backgroundColor>-16777216</backgroundColor>
<lineWidth>1</lineWidth>
<points>
<point x="250" y="187"/>
<point x="240" y="187"/>
</points>
</Connector>
<Connector class="oracle.dbtools.crest.swingui.relational.TVFKRelation" oid="B0983D67-87ED-809F-68C3-FFD410F63458" otype="FKIndexAssociation" vid_source="B608EEB1-36B2-A361-5688-9FB314E9FDBD" vid_target="E1AF20A8-4332-27AA-CE5C-64AE264CA0AD">
<hideElementsInCurrentOnly>false</hideElementsInCurrentOnly>
<backgroundColor>-16777216</backgroundColor>
<lineWidth>1</lineWidth>
<points>
<point x="360" y="395"/>
<point x="200" y="395"/>
</points>
</Connector>
<Connector class="oracle.dbtools.crest.swingui.relational.TVFKRelation" oid="B2A5F24F-B705-B6B8-96AB-ECC6B35ED536" otype="FKIndexAssociation" vid_source="34CF0EB1-52F7-FD29-947C-CE800BC73A65" vid_target="657E54E3-3073-9986-95C0-A0C90B73E46B">
<hideElementsInCurrentOnly>false</hideElementsInCurrentOnly>
<backgroundColor>-16777216</backgroundColor>
<lineWidth>1</lineWidth>
<points>
<point x="1523" y="384"/>
<point x="1345" y="361"/>
</points>
</Connector>
<Connector class="oracle.dbtools.crest.swingui.relational.TVFKRelation" oid="CE532B52-EF47-77AF-2AC1-60651682F0A3" otype="FKIndexAssociation" vid_source="7D5070F3-4602-A52A-EB32-C11F7BFA76C6" vid_target="0679907E-6D8A-2846-B9BF-8721303EC475">
<hideElementsInCurrentOnly>false</hideElementsInCurrentOnly>
<backgroundColor>-16777216</backgroundColor>
<lineWidth>1</lineWidth>
<points>
<point x="1500" y="735"/>
<point x="1314" y="739"/>
</points>
</Connector>
<Connector class="oracle.dbtools.crest.swingui.relational.TVFKRelation" oid="D1974322-0B70-9248-0AA5-D99DFE3260E3" otype="FKIndexAssociation" vid_source="32D8B517-F357-1DC3-A5AA-2ECB3AD6010E" vid_target="80386078-805D-8A27-99D8-1A3D8851A25C">
<hideElementsInCurrentOnly>false</hideElementsInCurrentOnly>
<backgroundColor>-16777216</backgroundColor>
<lineWidth>1</lineWidth>
<points>
<point x="923" y="366"/>
<point x="1120" y="600"/>
<point x="1168" y="554"/>
</points>
</Connector>
<Connector class="oracle.dbtools.crest.swingui.relational.TVFKRelation" oid="D70CB290-D9D9-A3DA-2E1C-9E27CF82471C" otype="FKIndexAssociation" vid_source="D90FA12A-51E7-0E66-B11F-1F9D85DCA444" vid_target="A9AA2725-F672-FC65-279F-B03EF42D5F8A">
<hideElementsInCurrentOnly>false</hideElementsInCurrentOnly>
<backgroundColor>-16777216</backgroundColor>
<lineWidth>1</lineWidth>
<points>
<point x="230" y="135"/>
<point x="70" y="135"/>
</points>
</Connector>
<Connector class="oracle.dbtools.crest.swingui.relational.TVFKRelation" oid="D7B82DF4-DD81-1B5A-C16C-BDE862C47D2C" otype="FKIndexAssociation" vid_source="B483C800-61D4-01A4-4C77-7ADDA1FF0552" vid_target="50E18254-FD1B-8009-C046-1FF7A17BA958">
<hideElementsInCurrentOnly>false</hideElementsInCurrentOnly>
<backgroundColor>-16777216</backgroundColor>
<lineWidth>1</lineWidth>
<points>
<point x="1528" y="201"/>
<point x="440" y="520"/>
</points>
</Connector>
<Connector class="oracle.dbtools.crest.swingui.relational.TVFKRelation" oid="E0D9D238-5E69-8DFA-09A6-16E01BC81A3D" otype="FKIndexAssociation" vid_source="F2D50E0C-8F21-728B-60CD-8E118EAC280E" vid_target="366B1F24-F865-77D0-FFD0-EA2C1C5041DD">
<hideElementsInCurrentOnly>false</hideElementsInCurrentOnly>
<backgroundColor>-16777216</backgroundColor>
<lineWidth>1</lineWidth>
<points>
<point x="353" y="311"/>
<point x="435" y="311"/>
</points>
</Connector>
<Connector class="oracle.dbtools.crest.swingui.relational.TVFKRelation" oid="E75DC106-B270-4051-CAD2-AF20A0487981" otype="FKIndexAssociation" vid_source="864ADF2B-39CE-0091-A855-4AB939A3E55E" vid_target="6AD32E75-3EF1-E365-8F96-CA48859FE323">
<hideElementsInCurrentOnly>false</hideElementsInCurrentOnly>
<backgroundColor>-16777216</backgroundColor>
<lineWidth>1</lineWidth>
<points>
<point x="250" y="260"/>
<point x="250" y="410"/>
</points>
</Connector>
<Connector class="oracle.dbtools.crest.swingui.relational.TVFKRelation" oid="E863F2F8-D2D8-99FD-0DB6-2B087782DB5E" otype="FKIndexAssociation" vid_source="833AD762-9309-4C9F-FEE7-C7159FDCF03B" vid_target="80386078-805D-8A27-99D8-1A3D8851A25C">
<hideElementsInCurrentOnly>false</hideElementsInCurrentOnly>
<backgroundColor>-16777216</backgroundColor>
<lineWidth>1</lineWidth>
<points>
<point x="1530" y="550"/>
<point x="1325" y="550"/>
</points>
</Connector>
<Connector class="oracle.dbtools.crest.swingui.relational.TVFKRelation" oid="FC167232-E1C3-F42A-B0B5-971AF7A1E083" otype="FKIndexAssociation" vid_source="B608EEB1-36B2-A361-5688-9FB314E9FDBD" vid_target="32D8B517-F357-1DC3-A5AA-2ECB3AD6010E">
<hideElementsInCurrentOnly>false</hideElementsInCurrentOnly>
<backgroundColor>-16777216</backgroundColor>
<lineWidth>1</lineWidth>
<points>
<point x="360" y="348"/>
<point x="712" y="348"/>
</points>
</Connector>
<Connector class="oracle.dbtools.crest.swingui.relational.TVFKRelation" oid="FE50F15F-E187-8414-C08F-BE553FC41033" otype="FKIndexAssociation" vid_source="32D8B517-F357-1DC3-A5AA-2ECB3AD6010E" vid_target="0679907E-6D8A-2846-B9BF-8721303EC475">
<hideElementsInCurrentOnly>false</hideElementsInCurrentOnly>
<backgroundColor>-16777216</backgroundColor>
<lineWidth>1</lineWidth>
<points>
<point x="923" y="366"/>
<point x="1030" y="702"/>
<point x="1173" y="702"/>
</points>
</Connector>
</connectors>
</Display>
</displays>
</Diagram>