<?xml version = '1.0' encoding = 'UTF-8'?>
<Diagram class="oracle.dbtools.crest.swingui.relational.DPVRelationalSubView" name="Часть модели" id="46B253BF-945F-3F11-70E0-393A25AD9E9D">
<createdBy>Крот</createdBy>
<modifiedBy>Крот</modifiedBy>
<createdTime>2022-06-16 17:04:49 UTC</createdTime>
<autoRoute>false</autoRoute>
<boxInbox>true</boxInbox>
<showLegend>false</showLegend>
<showLabels>false</showLabels>
<showRelAttributes>false</showRelAttributes>
<gridEnabled>false</gridEnabled>
<showGrid>false</showGrid>
<diagramColor>-1</diagramColor>
<display>false</display>
<notation>1</notation>
<objectViews>
<OView class="oracle.dbtools.crest.swingui.relational.TVTable" oid="A23E19CC-FD10-9F0E-09C6-80344D4FCC75" otype="Table" vid="7DE8D9F4-1A9F-22A5-8448-06793706C34D">
<hideElementsInCurrentOnly>false</hideElementsInCurrentOnly>
<bounds x="209" y="154" width="216" height="117"/>
</OView>
<OView class="oracle.dbtools.crest.swingui.relational.TVTable" oid="A9B18CF6-BFD3-6EC4-9214-478857E61AE9" otype="Table" vid="34A4F5A7-49C4-C1AD-0E19-377F8C29E2E7">
<hideElementsInCurrentOnly>false</hideElementsInCurrentOnly>
<bounds x="948" y="92" width="275" height="375"/>
</OView>
</objectViews>
<displays>
<Display class="oracle.dbtools.crest.swingui.relational.DPVRelationalSubView" name="Display_1" id="A2152BE4-0D94-D8E9-1A7F-E77C8336B48C">
<createdBy>Крот</createdBy>
<modifiedBy>Крот</modifiedBy>
<createdTime>2022-06-16 17:07:36 UTC</createdTime>
<autoRoute>false</autoRoute>
<boxInbox>true</boxInbox>
<showLegend>false</showLegend>
<showLabels>false</showLabels>
<showRelAttributes>false</showRelAttributes>
<gridEnabled>false</gridEnabled>
<showGrid>false</showGrid>
<diagramColor>-1</diagramColor>
<display>true</display>
<notation>1</notation>
<objectViews>
<OView class="oracle.dbtools.crest.swingui.relational.TVTable" oid="A23E19CC-FD10-9F0E-09C6-80344D4FCC75" otype="Table" vid="DF5FB24A-C5D1-C1B5-1549-CD8C966B280F">
<hideElementsInCurrentOnly>false</hideElementsInCurrentOnly>
<bounds x="209" y="154" width="216" height="117"/>
</OView>
<OView class="oracle.dbtools.crest.swingui.relational.TVTable" oid="A9B18CF6-BFD3-6EC4-9214-478857E61AE9" otype="Table" vid="35EC2E50-11D7-A264-9F3F-8CECBA981D74">
<hideElementsInCurrentOnly>false</hideElementsInCurrentOnly>
<bounds x="948" y="92" width="275" height="375"/>
</OView>
</objectViews>
</Display>
</displays>
</Diagram>