<?xml version = '1.0' encoding = 'UTF-8'?>
<Diagram class="oracle.dbtools.crest.swingui.logical.DPVLogical" name="Logical" id="5D853899-FA77-301D-352B-74C474711843">
<createdBy>Крот</createdBy>
<modifiedBy>Крот</modifiedBy>
<createdTime>2022-06-02 16:50:57 UTC</createdTime>
<autoRoute>false</autoRoute>
<boxInbox>true</boxInbox>
<showLegend>false</showLegend>
<showLabels>false</showLabels>
<showRelAttributes>false</showRelAttributes>
<gridEnabled>false</gridEnabled>
<showGrid>false</showGrid>
<diagramColor>-1</diagramColor>
<display>false</display>
<notation>2</notation>
<showAllDetails>false</showAllDetails>
<showElements>true</showElements>
<objectViews>
<OView class="oracle.dbtools.crest.swingui.logical.TVEntity" oid="1D433718-455F-6A85-8931-CA2052FD0FA1" otype="Entity" vid="DF88CB33-9DC9-33A6-8505-9F057573C90D">
<hideElementsInCurrentOnly>false</hideElementsInCurrentOnly>
<bounds x="314" y="478" width="170" height="110"/>
</OView>
<OView class="oracle.dbtools.crest.swingui.logical.TVEntity" oid="AD7A0321-465F-E8DB-5A75-6BD407CACA13" otype="Entity" vid="3A0C45C1-C237-E5D8-1BEE-5F3271CA1160">
<hideElementsInCurrentOnly>false</hideElementsInCurrentOnly>
<bounds x="974" y="489" width="170" height="110"/>
</OView>
<OView class="oracle.dbtools.crest.swingui.logical.TVEntity" oid="ADCDF40F-A8AF-6E21-07EF-C9EC6EAA0704" otype="Entity" vid="A8F8896C-8563-5BAE-9FC9-4C95308B4850">
<hideElementsInCurrentOnly>false</hideElementsInCurrentOnly>
<bounds x="317" y="7" width="215" height="228"/>
</OView>
<OView class="oracle.dbtools.crest.swingui.logical.TVEntity" oid="CD486952-93E6-A7A6-4FEF-E43523F3E2AE" otype="Entity" vid="554E7C83-19C0-0479-B3C1-FFC56C5599B7">
<hideElementsInCurrentOnly>false</hideElementsInCurrentOnly>
<bounds x="615" y="284" width="170" height="110"/>
</OView>
<OView class="oracle.dbtools.crest.swingui.logical.TVEntity" oid="EB5F8779-F4AB-263F-9FDE-E881A5EF287A" otype="Entity" vid="9EDB55E1-B436-D719-9767-ABF08A8A99B8">
<hideElementsInCurrentOnly>false</hideElementsInCurrentOnly>
<bounds x="22" y="11" width="188" height="116"/>
</OView>
<OView class="oracle.dbtools.crest.swingui.logical.TVEntity" oid="F19A9D3C-57B8-E73A-15CB-5599FB1A40A5" otype="Entity" vid="05461D95-11D7-180A-99AA-C77B828B9566">
<hideElementsInCurrentOnly>false</hideElementsInCurrentOnly>
<bounds x="644" y="12" width="170" height="110"/>
</OView>
<OView class="oracle.dbtools.crest.swingui.logical.TVEntity" oid="F4118E74-FA24-C421-0EF1-71DB918545BE" otype="Entity" vid="F0C2B18B-2FA5-ECDE-C1D7-003274289E64">
<hideElementsInCurrentOnly>false</hideElementsInCurrentOnly>
<bounds x="592" y="476" width="261" height="102"/>
</OView>
</objectViews>
<connectors>
<Connector class="oracle.dbtools.crest.swingui.logical.TVRelation" oid="6FD36360-562E-F968-F579-AC1D604F888F" otype="Relation" vid_source="3A0C45C1-C237-E5D8-1BEE-5F3271CA1160" vid_target="F0C2B18B-2FA5-ECDE-C1D7-003274289E64">
<hideElementsInCurrentOnly>false</hideElementsInCurrentOnly>
<backgroundColor>-16777216</backgroundColor>
<lineWidth>1</lineWidth>
<points>
<point x="974" y="533"/>
<point x="853" y="533"/>
</points>
</Connector>
<Connector class="oracle.dbtools.crest.swingui.logical.TVRelation" oid="CD78586D-181B-8CA4-2736-D730EEC1C4A4" otype="Relation" vid_source="A8F8896C-8563-5BAE-9FC9-4C95308B4850" vid_target="05461D95-11D7-180A-99AA-C77B828B9566">
<hideElementsInCurrentOnly>false</hideElementsInCurrentOnly>
<backgroundColor>-16777216</backgroundColor>
<lineWidth>1</lineWidth>
<points>
<point x="532" y="67"/>
<point x="644" y="67"/>
</points>
</Connector>
<Connector class="oracle.dbtools.crest.swingui.logical.TVRelation" oid="DEF2C440-67D7-77D2-B8D2-A25C862B5A6A" otype="Relation" vid_source="DF88CB33-9DC9-33A6-8505-9F057573C90D" vid_target="F0C2B18B-2FA5-ECDE-C1D7-003274289E64">
<hideElementsInCurrentOnly>false</hideElementsInCurrentOnly>
<backgroundColor>-16777216</backgroundColor>
<lineWidth>1</lineWidth>
<points>
<point x="484" y="528"/>
<point x="592" y="528"/>
</points>
</Connector>
<Connector class="oracle.dbtools.crest.swingui.logical.TVRelation" oid="F760B8DB-B03F-19EA-D2D1-31BDB4671DA2" otype="Relation" vid_source="9EDB55E1-B436-D719-9767-ABF08A8A99B8" vid_target="A8F8896C-8563-5BAE-9FC9-4C95308B4850">
<hideElementsInCurrentOnly>false</hideElementsInCurrentOnly>
<backgroundColor>-16777216</backgroundColor>
<lineWidth>1</lineWidth>
<points>
<point x="210" y="69"/>
<point x="317" y="69"/>
</points>
</Connector>
</connectors>
</Diagram>