<?xml version = '1.0' encoding = 'UTF-8'?>
<Relation class="oracle.dbtools.crest.model.design.logical.Relation" name="Relation_5" directorySegmentName="seg_0" id="6FD36360-562E-F968-F579-AC1D604F888F">
<createdBy>Крот</createdBy>
<createdTime>2022-07-07 09:01:35 UTC</createdTime>
<ownerDesignName>book_db</ownerDesignName>
<engineerTo>
<item key="CF51F5FD-3E94-A977-5F11-947AF929EECD" value="true"/>
</engineerTo>
<sourcePk>503F5A4A-7C51-0DEE-BC53-C482608B061F</sourcePk>
<identifying>false</identifying>
<nameOnTarget>ИД ЯЗЫКА</nameOnTarget>
<optionalSource>true</optionalSource>
<optionalTarget>false</optionalTarget>
<sourceCardinality>1</sourceCardinality>
<sourceEntity>AD7A0321-465F-E8DB-5A75-6BD407CACA13</sourceEntity>
<targetCardinalityString>*</targetCardinalityString>
<targetEntity>F4118E74-FA24-C421-0EF1-71DB918545BE</targetEntity>
<transferable>true</transferable>
<deleteRule>NO ACTION</deleteRule>
</Relation>