<?xml version = '1.0' encoding = 'UTF-8'?>
<Relation class="oracle.dbtools.crest.model.design.logical.Relation" name="Relation_3" directorySegmentName="seg_0" id="CD78586D-181B-8CA4-2736-D730EEC1C4A4">
<createdBy>Крот</createdBy>
<createdTime>2022-06-02 17:24:22 UTC</createdTime>
<ownerDesignName>book_db</ownerDesignName>
<engineerTo>
<item key="CF51F5FD-3E94-A977-5F11-947AF929EECD" value="true"/>
</engineerTo>
<identifying>false</identifying>
<optionalSource>true</optionalSource>
<optionalTarget>true</optionalTarget>
<sourceCardinality>*</sourceCardinality>
<sourceEntity>ADCDF40F-A8AF-6E21-07EF-C9EC6EAA0704</sourceEntity>
<targetCardinalityString>*</targetCardinalityString>
<targetEntity>F19A9D3C-57B8-E73A-15CB-5599FB1A40A5</targetEntity>
<transferable>true</transferable>
<deleteRule>NO ACTION</deleteRule>
</Relation>