<?xml version = '1.0' encoding = 'UTF-8'?>
<Relation class="oracle.dbtools.crest.model.design.logical.Relation" name="Relation_4" directorySegmentName="seg_0" id="DEF2C440-67D7-77D2-B8D2-A25C862B5A6A">
<createdBy>Крот</createdBy>
<createdTime>2022-07-07 08:27:23 UTC</createdTime>
<ownerDesignName>book_db</ownerDesignName>
<engineerTo>
<item key="CF51F5FD-3E94-A977-5F11-947AF929EECD" value="true"/>
</engineerTo>
<sourcePk>199FB1A7-E82B-A14B-51C6-21CEAAD52746</sourcePk>
<identifying>false</identifying>
<nameOnTarget>ИД ВЕРСИИ</nameOnTarget>
<optionalSource>true</optionalSource>
<optionalTarget>false</optionalTarget>
<sourceCardinality>1</sourceCardinality>
<sourceEntity>1D433718-455F-6A85-8931-CA2052FD0FA1</sourceEntity>
<targetCardinalityString>*</targetCardinalityString>
<targetEntity>F4118E74-FA24-C421-0EF1-71DB918545BE</targetEntity>
<transferable>true</transferable>
<deleteRule>NO ACTION</deleteRule>
</Relation>