<?xml version = '1.0' encoding = 'UTF-8'?>
<Relation class="oracle.dbtools.crest.model.design.logical.Relation" name="Relation_2" directorySegmentName="seg_0" id="F760B8DB-B03F-19EA-D2D1-31BDB4671DA2">
<createdBy>Крот</createdBy>
<createdTime>2022-06-02 17:10:28 UTC</createdTime>
<ownerDesignName>book_db</ownerDesignName>
<engineerTo>
<item key="CF51F5FD-3E94-A977-5F11-947AF929EECD" value="true"/>
</engineerTo>
<identifying>false</identifying>
<optionalSource>true</optionalSource>
<optionalTarget>true</optionalTarget>
<sourceCardinality>*</sourceCardinality>
<sourceEntity>EB5F8779-F4AB-263F-9FDE-E881A5EF287A</sourceEntity>
<targetCardinalityString>*</targetCardinalityString>
<targetEntity>ADCDF40F-A8AF-6E21-07EF-C9EC6EAA0704</targetEntity>
<transferable>true</transferable>
<deleteRule>NO ACTION</deleteRule>
</Relation>