<?xml version = '1.0' encoding = 'UTF-8'?>
<Table class="oracle.dbtools.crest.model.design.relational.Table" directorySegmentName="seg_0" id="09F8AB82-B1A6-E301-2E7C-7801A647269C" name="GENRE">
<createdBy>Крот</createdBy>
<createdTime>2022-06-07 17:28:17 UTC</createdTime>
<generatorID>F19A9D3C-57B8-E73A-15CB-5599FB1A40A5</generatorID>
<ownerDesignName>book_db</ownerDesignName>
<ordsAlias>genre_name</ordsAlias>
<allowColumnReorder>false</allowColumnReorder>
<existDependencyGenerateInDDl>true</existDependencyGenerateInDDl>
<parsed>true</parsed>
<columns itemClass="oracle.dbtools.crest.model.design.relational.Column">
<Column name="ID" id="F849B4C0-56D6-69B1-4291-41C239C68917">
<createdBy>Крот</createdBy>
<createdTime>2022-06-07 17:28:17 UTC</createdTime>
<commentInRDBMS><![CDATA[ИД записи]]></commentInRDBMS>
<generatorID>D8D6F0B5-FD82-AB41-ED53-808762930AFB</generatorID>
<ownerDesignName>book_db</ownerDesignName>
<useDomainConstraints>false</useDomainConstraints>
<use>1</use>
<logicalDatatype>LOGDT019</logicalDatatype>
<ownDataTypeParameters>,,</ownDataTypeParameters>
<autoIncrementCycle>false</autoIncrementCycle>
</Column>
<Column name="GENRE_NAME" id="CF64FA63-9908-396E-FD32-5E609E11321B">
<createdBy>Крот</createdBy>
<createdTime>2022-06-07 17:28:17 UTC</createdTime>
<generatorID>C7143D9D-B2D9-FB08-4F52-4591EBBEB21C</generatorID>
<ownerDesignName>book_db</ownerDesignName>
<nullsAllowed>true</nullsAllowed>
<useDomainConstraints>false</useDomainConstraints>
<use>1</use>
<logicalDatatype>LOGDT024</logicalDatatype>
<dataTypeSize>100</dataTypeSize>
<ownDataTypeParameters>100,,</ownDataTypeParameters>
<autoIncrementCycle>false</autoIncrementCycle>
</Column>
</columns>
<indexes itemClass="oracle.dbtools.crest.model.design.relational.Index">
<ind_PK_UK id="D761D235-C700-9415-3736-090BF7C985C6" name="GENRE_PK">
<createdBy>Крот</createdBy>
<createdTime>2022-06-07 17:28:17 UTC</createdTime>
<generatorID>022D60AC-BCBE-50C9-1658-63F671A2518B</generatorID>
<ownerDesignName>book_db</ownerDesignName>
<pk>true</pk>
<indexState>Primary Constraint</indexState>
<isSurrogateKey>false</isSurrogateKey>
<indexColumnUsage>
<colUsage columnID="F849B4C0-56D6-69B1-4291-41C239C68917"/>
</indexColumnUsage>
</ind_PK_UK>
<ind_PK_UK id="D98E072F-35A9-2062-5EEF-3E6C827BD374" name="GENRE_UN">
<createdBy>Крот</createdBy>
<createdTime>2022-06-09 18:03:23 UTC</createdTime>
<ownerDesignName>book_db</ownerDesignName>
<indexState>Unique Constraint</indexState>
<isSurrogateKey>false</isSurrogateKey>
<indexColumnUsage>
<colUsage columnID="CF64FA63-9908-396E-FD32-5E609E11321B"/>
</indexColumnUsage>
</ind_PK_UK>
</indexes>
</Table>