<?xml version = '1.0' encoding = 'UTF-8'?>
<Table class="oracle.dbtools.crest.model.design.relational.Table" directorySegmentName="seg_0" id="337FF442-EA1D-1966-EB10-EC24B196592B" name="NOVEL_AUTHOR">
<createdBy>Крот</createdBy>
<createdTime>2022-07-11 09:51:48 UTC</createdTime>
<ownerDesignName>book_db</ownerDesignName>
<ordsAlias>table_24</ordsAlias>
<allowColumnReorder>false</allowColumnReorder>
<existDependencyGenerateInDDl>true</existDependencyGenerateInDDl>
<parsed>true</parsed>
<columns itemClass="oracle.dbtools.crest.model.design.relational.Column">
<Column name="ID" id="C9C98270-3AAC-35BF-6494-68C838232748">
<createdBy>Крот</createdBy>
<createdTime>2022-07-11 09:52:33 UTC</createdTime>
<commentInRDBMS><![CDATA[ИД записи]]></commentInRDBMS>
<ownerDesignName>book_db</ownerDesignName>
<useDomainConstraints>false</useDomainConstraints>
<use>1</use>
<logicalDatatype>LOGDT019</logicalDatatype>
<ownDataTypeParameters>,,</ownDataTypeParameters>
<autoIncrementCycle>false</autoIncrementCycle>
</Column>
<Column name="NOVEL_ID" id="C2A2C51B-ABB4-C26E-31AE-D49D35F09358">
<createdBy>Крот</createdBy>
<createdTime>2022-07-11 09:52:42 UTC</createdTime>
<ownerDesignName>book_db</ownerDesignName>
<useDomainConstraints>false</useDomainConstraints>
<use>1</use>
<logicalDatatype>LOGDT019</logicalDatatype>
<ownDataTypeParameters>,,</ownDataTypeParameters>
<previousColumn>false</previousColumn>
<autoIncrementCycle>false</autoIncrementCycle>
<associations>
<colAssociation fkAssociation="D70CB290-D9D9-A3DA-2E1C-9E27CF82471C" referredColumn="7464DE92-BC01-63BE-1EBE-723246153A0E"/>
</associations>
</Column>
<Column name="AUTHOR_ID" id="C11A127E-A85F-FCF6-7D7D-EC21C66EAAD7">
<createdBy>Крот</createdBy>
<createdTime>2022-07-11 09:52:52 UTC</createdTime>
<ownerDesignName>book_db</ownerDesignName>
<useDomainConstraints>false</useDomainConstraints>
<use>1</use>
<logicalDatatype>LOGDT019</logicalDatatype>
<ownDataTypeParameters>,,</ownDataTypeParameters>
<previousColumn>false</previousColumn>
<autoIncrementCycle>false</autoIncrementCycle>
<associations>
<colAssociation fkAssociation="B097E0A6-9000-4420-17A6-18DD9C583AD5" referredColumn="25B0EF61-578E-C06F-4F8C-7D74AF0D9F5C"/>
</associations>
</Column>
</columns>
<indexes itemClass="oracle.dbtools.crest.model.design.relational.Index">
<ind_PK_UK id="72B93E76-579D-7D98-16C1-33EC05F9E6F9" name="NOVEL_AUTHOR_PK">
<createdBy>Крот</createdBy>
<createdTime>2022-07-11 09:52:36 UTC</createdTime>
<ownerDesignName>book_db</ownerDesignName>
<pk>true</pk>
<indexState>Primary Constraint</indexState>
<isSurrogateKey>false</isSurrogateKey>
<indexColumnUsage>
<colUsage columnID="C9C98270-3AAC-35BF-6494-68C838232748"/>
</indexColumnUsage>
</ind_PK_UK>
<ind_PK_UK id="6B3B8E71-42D7-A54D-DC91-544FD8AD0A5D" name="NOVEL_AUTHOR_NOVEL_FK">
<createdBy>Крот</createdBy>
<createdTime>2022-07-11 09:52:41 UTC</createdTime>
<ownerDesignName>book_db</ownerDesignName>
<indexState>Foreign Key</indexState>
<isSurrogateKey>false</isSurrogateKey>
<indexColumnUsage>
<colUsage columnID="C2A2C51B-ABB4-C26E-31AE-D49D35F09358"/>
</indexColumnUsage>
</ind_PK_UK>
<ind_PK_UK id="936A0C1F-894B-79DD-4DA7-20475341994A" name="NOVEL_AUTHOR_AUTHOR_FK">
<createdBy>Крот</createdBy>
<createdTime>2022-07-11 09:52:52 UTC</createdTime>
<generatorID>97961DED-E0F5-6D61-D9EF-7AB9144E937D</generatorID>
<ownerDesignName>book_db</ownerDesignName>
<indexState>Foreign Key</indexState>
<isSurrogateKey>false</isSurrogateKey>
<indexColumnUsage>
<colUsage columnID="C11A127E-A85F-FCF6-7D7D-EC21C66EAAD7"/>
</indexColumnUsage>
</ind_PK_UK>
</indexes>
</Table>