<?xml version = '1.0' encoding = 'UTF-8'?>
<Table class="oracle.dbtools.crest.model.design.relational.Table" directorySegmentName="seg_0" id="3957DA47-939C-2E30-4151-B77400DE3D1A" name="NOVEL_VERSION_AUTHOR">
<createdBy>Крот</createdBy>
<createdTime>2022-07-11 10:00:12 UTC</createdTime>
<ownerDesignName>book_db</ownerDesignName>
<ordsAlias>table_27</ordsAlias>
<allowColumnReorder>false</allowColumnReorder>
<existDependencyGenerateInDDl>true</existDependencyGenerateInDDl>
<parsed>true</parsed>
<columns itemClass="oracle.dbtools.crest.model.design.relational.Column">
<Column name="ID" id="3595727C-FE3C-C43B-91F1-B00804AEA825">
<createdBy>Крот</createdBy>
<createdTime>2022-07-11 10:00:57 UTC</createdTime>
<commentInRDBMS><![CDATA[ИД записи]]></commentInRDBMS>
<ownerDesignName>book_db</ownerDesignName>
<useDomainConstraints>false</useDomainConstraints>
<use>1</use>
<logicalDatatype>LOGDT019</logicalDatatype>
<ownDataTypeParameters>,,</ownDataTypeParameters>
<autoIncrementCycle>false</autoIncrementCycle>
</Column>
<Column name="AUTHOR_ID" id="BEA0F0B0-9439-82D7-BB23-ABCA1EC348FB">
<createdBy>Крот</createdBy>
<createdTime>2022-07-11 10:01:21 UTC</createdTime>
<ownerDesignName>book_db</ownerDesignName>
<useDomainConstraints>false</useDomainConstraints>
<use>1</use>
<logicalDatatype>LOGDT019</logicalDatatype>
<ownDataTypeParameters>,,</ownDataTypeParameters>
<previousColumn>false</previousColumn>
<autoIncrementCycle>false</autoIncrementCycle>
<associations>
<colAssociation fkAssociation="7A965BFB-B3E5-4CC3-6E4A-BCD65C408A83" referredColumn="25B0EF61-578E-C06F-4F8C-7D74AF0D9F5C"/>
</associations>
</Column>
<Column name="NOVEL_VERSION_ID" id="40AD9EE1-48D6-9381-3D86-EB24DE4BAC22">
<createdBy>Крот</createdBy>
<createdTime>2022-07-11 10:01:26 UTC</createdTime>
<ownerDesignName>book_db</ownerDesignName>
<useDomainConstraints>false</useDomainConstraints>
<use>1</use>
<logicalDatatype>LOGDT019</logicalDatatype>
<ownDataTypeParameters>,,</ownDataTypeParameters>
<previousColumn>false</previousColumn>
<autoIncrementCycle>false</autoIncrementCycle>
<associations>
<colAssociation fkAssociation="050C4C5E-09CA-CA9D-0D2D-7135DD782A0C" referredColumn="59DCD624-D34E-5BC5-5AF7-7FDCB56F2783"/>
</associations>
</Column>
<Column name="AUTHOR_ROLE_ID" id="A589A152-A8CE-B098-D2B4-C98AD4317FF6">
<createdBy>Крот</createdBy>
<createdTime>2022-07-11 10:03:10 UTC</createdTime>
<ownerDesignName>book_db</ownerDesignName>
<useDomainConstraints>false</useDomainConstraints>
<use>1</use>
<logicalDatatype>LOGDT019</logicalDatatype>
<ownDataTypeParameters>,,</ownDataTypeParameters>
<previousColumn>false</previousColumn>
<autoIncrementCycle>false</autoIncrementCycle>
<associations>
<colAssociation fkAssociation="9705AEC5-158D-97BA-B214-C656BAD4C8F7" referredColumn="A5BC5294-905F-86AD-8EE2-D6D9EDE7501D"/>
</associations>
</Column>
</columns>
<indexes itemClass="oracle.dbtools.crest.model.design.relational.Index">
<ind_PK_UK id="64B1D25B-6D14-DEB2-505A-55F5ADABFBB8" name="NOVEL_VERSION_AUTHOR_AUTHOR_FK">
<createdBy>Крот</createdBy>
<createdTime>2022-07-11 10:01:21 UTC</createdTime>
<generatorID>97961DED-E0F5-6D61-D9EF-7AB9144E937D</generatorID>
<ownerDesignName>book_db</ownerDesignName>
<indexState>Foreign Key</indexState>
<isSurrogateKey>false</isSurrogateKey>
<indexColumnUsage>
<colUsage columnID="BEA0F0B0-9439-82D7-BB23-ABCA1EC348FB"/>
</indexColumnUsage>
</ind_PK_UK>
<ind_PK_UK id="52864EEF-55ED-0A84-24B3-BD67596D30E7" name="NOVEL_VERSION_AUTHOR_VERS_FK">
<createdBy>Крот</createdBy>
<createdTime>2022-07-11 10:01:26 UTC</createdTime>
<ownerDesignName>book_db</ownerDesignName>
<indexState>Foreign Key</indexState>
<isSurrogateKey>false</isSurrogateKey>
<indexColumnUsage>
<colUsage columnID="40AD9EE1-48D6-9381-3D86-EB24DE4BAC22"/>
</indexColumnUsage>
</ind_PK_UK>
<ind_PK_UK id="0220B8FA-43A0-01C4-D575-F4ACB0F30326" name="NOVEL_VERSION_AUTHOR_ROLE_FK">
<createdBy>Крот</createdBy>
<createdTime>2022-07-11 10:03:10 UTC</createdTime>
<ownerDesignName>book_db</ownerDesignName>
<indexState>Foreign Key</indexState>
<isSurrogateKey>false</isSurrogateKey>
<indexColumnUsage>
<colUsage columnID="A589A152-A8CE-B098-D2B4-C98AD4317FF6"/>
</indexColumnUsage>
</ind_PK_UK>
</indexes>
</Table>