<?xml version = '1.0' encoding = 'UTF-8'?>
<Table class="oracle.dbtools.crest.model.design.relational.Table" directorySegmentName="seg_0" id="4D27F69D-91B9-1324-2659-CEA9E5322564" name="BOOK_PRINT_TYPE">
<createdBy>Крот</createdBy>
<createdTime>2022-06-09 16:51:14 UTC</createdTime>
<ownerDesignName>book_db</ownerDesignName>
<ordsAlias>table_10</ordsAlias>
<allowColumnReorder>false</allowColumnReorder>
<existDependencyGenerateInDDl>true</existDependencyGenerateInDDl>
<parsed>true</parsed>
<columns itemClass="oracle.dbtools.crest.model.design.relational.Column">
<Column name="ID" id="307E965B-3CA7-9D3E-599C-9D5A3D6D1716">
<createdBy>Крот</createdBy>
<createdTime>2022-06-09 16:51:49 UTC</createdTime>
<commentInRDBMS><![CDATA[ИД записи]]></commentInRDBMS>
<ownerDesignName>book_db</ownerDesignName>
<useDomainConstraints>false</useDomainConstraints>
<use>1</use>
<logicalDatatype>LOGDT019</logicalDatatype>
<ownDataTypeParameters>,,</ownDataTypeParameters>
<autoIncrementCycle>false</autoIncrementCycle>
</Column>
<Column name="BOOK_ID" id="6DA04432-905C-ADF3-59D7-0419C4CE6B1C">
<createdBy>Крот</createdBy>
<createdTime>2022-06-09 16:51:53 UTC</createdTime>
<ownerDesignName>book_db</ownerDesignName>
<useDomainConstraints>false</useDomainConstraints>
<use>1</use>
<logicalDatatype>LOGDT019</logicalDatatype>
<ownDataTypeParameters>,,</ownDataTypeParameters>
<previousColumn>false</previousColumn>
<autoIncrementCycle>false</autoIncrementCycle>
<associations>
<colAssociation fkAssociation="417B0AF8-3867-AC43-6239-AB495911F972" referredColumn="5F31CF76-C3ED-F171-91A6-8EF224B82957"/>
</associations>
</Column>
<Column name="PRINT_TYPE_ID" id="0FBEDF6F-9B66-2A98-3C6E-3EE570B64CEE">
<createdBy>Крот</createdBy>
<createdTime>2022-06-09 16:52:05 UTC</createdTime>
<ownerDesignName>book_db</ownerDesignName>
<useDomainConstraints>false</useDomainConstraints>
<use>1</use>
<logicalDatatype>LOGDT019</logicalDatatype>
<ownDataTypeParameters>,,</ownDataTypeParameters>
<previousColumn>false</previousColumn>
<autoIncrementCycle>false</autoIncrementCycle>
<associations>
<colAssociation fkAssociation="B2A5F24F-B705-B6B8-96AB-ECC6B35ED536" referredColumn="B68D6DDF-5FE9-4C04-F93F-1216436DFF26"/>
</associations>
</Column>
</columns>
<indexes itemClass="oracle.dbtools.crest.model.design.relational.Index">
<ind_PK_UK id="6AB25A5B-994E-F178-2005-BE20B33E8880" name="BOOK_PRINT_TYPE_PK">
<createdBy>Крот</createdBy>
<createdTime>2022-06-09 16:52:46 UTC</createdTime>
<ownerDesignName>book_db</ownerDesignName>
<pk>true</pk>
<indexState>Primary Constraint</indexState>
<isSurrogateKey>false</isSurrogateKey>
<indexColumnUsage>
<colUsage columnID="307E965B-3CA7-9D3E-599C-9D5A3D6D1716"/>
</indexColumnUsage>
</ind_PK_UK>
<ind_PK_UK id="94E40605-444A-D47B-DC8D-7F726BF48515" name="BOOK_PRINT_TYPE_UN">
<createdBy>Крот</createdBy>
<createdTime>2022-06-09 16:53:36 UTC</createdTime>
<ownerDesignName>book_db</ownerDesignName>
<indexState>Unique Constraint</indexState>
<isSurrogateKey>false</isSurrogateKey>
<indexColumnUsage>
<colUsage columnID="6DA04432-905C-ADF3-59D7-0419C4CE6B1C"/>
<colUsage columnID="0FBEDF6F-9B66-2A98-3C6E-3EE570B64CEE"/>
</indexColumnUsage>
</ind_PK_UK>
<ind_PK_UK id="5346903B-936E-E59C-BCDB-A2C9AB4630F4" name="PRINT_TYPE_BOOK_FK">
<createdBy>Крот</createdBy>
<createdTime>2022-06-09 16:51:53 UTC</createdTime>
<generatorID>ADD23150-19A6-AA55-20EC-4BD594CBF40C</generatorID>
<ownerDesignName>book_db</ownerDesignName>
<indexState>Foreign Key</indexState>
<isSurrogateKey>false</isSurrogateKey>
<indexColumnUsage>
<colUsage columnID="6DA04432-905C-ADF3-59D7-0419C4CE6B1C"/>
</indexColumnUsage>
</ind_PK_UK>
<ind_PK_UK id="78DB8A81-1D99-2D93-FC8D-C3F11486CE06" name="BOOK_PRINT_TYPE_FK">
<createdBy>Крот</createdBy>
<createdTime>2022-06-09 16:52:05 UTC</createdTime>
<ownerDesignName>book_db</ownerDesignName>
<indexState>Foreign Key</indexState>
<isSurrogateKey>false</isSurrogateKey>
<indexColumnUsage>
<colUsage columnID="0FBEDF6F-9B66-2A98-3C6E-3EE570B64CEE"/>
</indexColumnUsage>
</ind_PK_UK>
</indexes>
</Table>