<?xml version = '1.0' encoding = 'UTF-8'?>
<Table class="oracle.dbtools.crest.model.design.relational.Table" directorySegmentName="seg_0" id="52811135-20BD-ECC5-F91A-014962541CB5" name="PUBLISH_HOUSE_BOOK">
<createdBy>Крот</createdBy>
<createdTime>2022-06-14 17:08:14 UTC</createdTime>
<commentInRDBMS><![CDATA[Организации, связанные с изданием]]></commentInRDBMS>
<ownerDesignName>book_db</ownerDesignName>
<ordsAlias>table_21</ordsAlias>
<allowColumnReorder>false</allowColumnReorder>
<existDependencyGenerateInDDl>true</existDependencyGenerateInDDl>
<parsed>true</parsed>
<columns itemClass="oracle.dbtools.crest.model.design.relational.Column">
<Column name="ID" id="5336AE94-ACD4-B8B8-2E2E-B310F9E4B59A">
<createdBy>Крот</createdBy>
<createdTime>2022-06-14 17:09:44 UTC</createdTime>
<commentInRDBMS><![CDATA[ИД записи]]></commentInRDBMS>
<ownerDesignName>book_db</ownerDesignName>
<useDomainConstraints>false</useDomainConstraints>
<use>1</use>
<logicalDatatype>LOGDT019</logicalDatatype>
<ownDataTypeParameters>,,</ownDataTypeParameters>
<autoIncrementCycle>false</autoIncrementCycle>
</Column>
<Column name="PUBLISH_HOUSE_ID" id="543A650A-61A9-14C1-36CD-E454E863FADC">
<createdBy>Крот</createdBy>
<createdTime>2022-06-14 17:10:07 UTC</createdTime>
<ownerDesignName>book_db</ownerDesignName>
<useDomainConstraints>false</useDomainConstraints>
<use>1</use>
<logicalDatatype>LOGDT019</logicalDatatype>
<ownDataTypeParameters>,,</ownDataTypeParameters>
<previousColumn>false</previousColumn>
<autoIncrementCycle>false</autoIncrementCycle>
<associations>
<colAssociation fkAssociation="E0D9D238-5E69-8DFA-09A6-16E01BC81A3D" referredColumn="63F3607D-43A2-34AF-02D6-885B9F2BDCF0"/>
</associations>
</Column>
<Column name="BOOK_ID" id="581556D6-0070-C688-7038-67099EAA9C68">
<createdBy>Крот</createdBy>
<createdTime>2022-06-14 17:10:21 UTC</createdTime>
<ownerDesignName>book_db</ownerDesignName>
<useDomainConstraints>false</useDomainConstraints>
<use>1</use>
<logicalDatatype>LOGDT019</logicalDatatype>
<ownDataTypeParameters>,,</ownDataTypeParameters>
<previousColumn>false</previousColumn>
<autoIncrementCycle>false</autoIncrementCycle>
<associations>
<colAssociation fkAssociation="726077E9-8F45-4FD6-99F8-1DA8D06C614A" referredColumn="5F31CF76-C3ED-F171-91A6-8EF224B82957"/>
</associations>
</Column>
</columns>
<indexes itemClass="oracle.dbtools.crest.model.design.relational.Index">
<ind_PK_UK id="4097C641-5020-DE36-998E-78D7C847A56C" name="PUBLISH_HOUSE_BOOK_PK">
<createdBy>Крот</createdBy>
<createdTime>2022-06-14 17:09:44 UTC</createdTime>
<ownerDesignName>book_db</ownerDesignName>
<pk>true</pk>
<indexState>Primary Constraint</indexState>
<isSurrogateKey>false</isSurrogateKey>
<indexColumnUsage>
<colUsage columnID="5336AE94-ACD4-B8B8-2E2E-B310F9E4B59A"/>
</indexColumnUsage>
</ind_PK_UK>
<ind_PK_UK id="506980C6-2EB0-2B7F-4213-E092ED8BDA6A" name="PUBLISH_HOUSE_BOOK_UN">
<createdBy>Крот</createdBy>
<createdTime>2022-06-14 17:11:39 UTC</createdTime>
<ownerDesignName>book_db</ownerDesignName>
<indexState>Unique Constraint</indexState>
<isSurrogateKey>false</isSurrogateKey>
<indexColumnUsage>
<colUsage columnID="543A650A-61A9-14C1-36CD-E454E863FADC"/>
<colUsage columnID="581556D6-0070-C688-7038-67099EAA9C68"/>
</indexColumnUsage>
</ind_PK_UK>
<ind_PK_UK id="35FC84AF-ABE8-9ACA-C370-D197ED2467DE" name="PUBLISH_HOUSE_BOOK_FK">
<createdBy>Крот</createdBy>
<createdTime>2022-06-14 17:10:07 UTC</createdTime>
<ownerDesignName>book_db</ownerDesignName>
<indexState>Foreign Key</indexState>
<isSurrogateKey>false</isSurrogateKey>
<indexColumnUsage>
<colUsage columnID="543A650A-61A9-14C1-36CD-E454E863FADC"/>
</indexColumnUsage>
</ind_PK_UK>
<ind_PK_UK id="994FB561-5A71-92B2-0632-713321DE7AA2" name="BOOK_PUBLISH_HOUSE_BOOK_FK">
<createdBy>Крот</createdBy>
<createdTime>2022-06-14 17:10:21 UTC</createdTime>
<generatorID>ADD23150-19A6-AA55-20EC-4BD594CBF40C</generatorID>
<ownerDesignName>book_db</ownerDesignName>
<indexState>Foreign Key</indexState>
<isSurrogateKey>false</isSurrogateKey>
<indexColumnUsage>
<colUsage columnID="581556D6-0070-C688-7038-67099EAA9C68"/>
</indexColumnUsage>
</ind_PK_UK>
</indexes>
</Table>