<?xml version = '1.0' encoding = 'UTF-8'?>
<Table class="oracle.dbtools.crest.model.design.relational.Table" directorySegmentName="seg_0" id="57389376-BB83-0F7E-BB16-C5423D570EF9" name="PUBLISH_HOUSE">
<createdBy>Крот</createdBy>
<createdTime>2022-06-09 16:18:58 UTC</createdTime>
<commentInRDBMS><![CDATA[Справочник издательств, типографий и др. компаний, связанных с изданием]]></commentInRDBMS>
<ownerDesignName>book_db</ownerDesignName>
<ordsAlias>table_6</ordsAlias>
<allowColumnReorder>false</allowColumnReorder>
<existDependencyGenerateInDDl>true</existDependencyGenerateInDDl>
<parsed>true</parsed>
<columns itemClass="oracle.dbtools.crest.model.design.relational.Column">
<Column name="ID" id="63F3607D-43A2-34AF-02D6-885B9F2BDCF0">
<createdBy>Крот</createdBy>
<createdTime>2022-06-09 16:20:30 UTC</createdTime>
<commentInRDBMS><![CDATA[ИД записи]]></commentInRDBMS>
<ownerDesignName>book_db</ownerDesignName>
<useDomainConstraints>false</useDomainConstraints>
<use>1</use>
<logicalDatatype>LOGDT019</logicalDatatype>
<ownDataTypeParameters>,,</ownDataTypeParameters>
<autoIncrementCycle>false</autoIncrementCycle>
</Column>
<Column name="PUBLISH_HOUSE_NAME" id="2A8344D7-F5C6-611F-2263-D4658D175076">
<createdBy>Крот</createdBy>
<createdTime>2022-06-09 16:22:03 UTC</createdTime>
<commentInRDBMS><![CDATA[Наименование издательства]]></commentInRDBMS>
<ownerDesignName>book_db</ownerDesignName>
<nullsAllowed>true</nullsAllowed>
<useDomainConstraints>false</useDomainConstraints>
<use>1</use>
<logicalDatatype>LOGDT024</logicalDatatype>
<dataTypeSize>1000</dataTypeSize>
<ownDataTypeParameters>1000,,</ownDataTypeParameters>
<autoIncrementCycle>false</autoIncrementCycle>
</Column>
<Column name="PUBLISH_HOUSE_NAME_SHORT" id="366ABA2B-85C0-2EE0-7443-E1F71AF84D2E">
<createdBy>Крот</createdBy>
<createdTime>2022-06-09 16:22:03 UTC</createdTime>
<commentInRDBMS><![CDATA[Наименование издательства (краткое)]]></commentInRDBMS>
<ownerDesignName>book_db</ownerDesignName>
<nullsAllowed>true</nullsAllowed>
<useDomainConstraints>false</useDomainConstraints>
<use>1</use>
<logicalDatatype>LOGDT024</logicalDatatype>
<dataTypeSize>100</dataTypeSize>
<ownDataTypeParameters>100,,</ownDataTypeParameters>
<autoIncrementCycle>false</autoIncrementCycle>
</Column>
<Column name="ADDRESS" id="AACC9BDF-FA38-16D6-9E85-79385F72C98A">
<createdBy>Крот</createdBy>
<createdTime>2022-06-09 16:22:03 UTC</createdTime>
<commentInRDBMS><![CDATA[Адрес издательства]]></commentInRDBMS>
<ownerDesignName>book_db</ownerDesignName>
<nullsAllowed>true</nullsAllowed>
<useDomainConstraints>false</useDomainConstraints>
<use>1</use>
<logicalDatatype>LOGDT024</logicalDatatype>
<dataTypeSize>1000</dataTypeSize>
<ownDataTypeParameters>1000,,</ownDataTypeParameters>
<autoIncrementCycle>false</autoIncrementCycle>
</Column>
<Column name="EMAIL" id="812E31DE-B5E1-9CBD-E66E-DDE13347B5E2">
<createdBy>Крот</createdBy>
<createdTime>2022-06-14 16:41:44 UTC</createdTime>
<commentInRDBMS><![CDATA[Email]]></commentInRDBMS>
<ownerDesignName>book_db</ownerDesignName>
<nullsAllowed>true</nullsAllowed>
<useDomainConstraints>false</useDomainConstraints>
<use>1</use>
<logicalDatatype>LOGDT024</logicalDatatype>
<dataTypeSize>100</dataTypeSize>
<ownDataTypeParameters>100,,</ownDataTypeParameters>
<autoIncrementCycle>false</autoIncrementCycle>
</Column>
<Column name="PHONE" id="B5B5520E-AA0F-C49D-270F-90D5FADA3F1F">
<createdBy>Крот</createdBy>
<createdTime>2022-06-14 16:42:52 UTC</createdTime>
<commentInRDBMS><![CDATA[Телефон]]></commentInRDBMS>
<ownerDesignName>book_db</ownerDesignName>
<nullsAllowed>true</nullsAllowed>
<useDomainConstraints>false</useDomainConstraints>
<use>1</use>
<logicalDatatype>LOGDT024</logicalDatatype>
<dataTypeSize>30</dataTypeSize>
<ownDataTypeParameters>30,,</ownDataTypeParameters>
<autoIncrementCycle>false</autoIncrementCycle>
</Column>
<Column name="URL" id="9DC04B9C-3FB7-1DE7-ABC9-FC16459804F5">
<createdBy>Крот</createdBy>
<createdTime>2022-06-14 16:42:52 UTC</createdTime>
<commentInRDBMS><![CDATA[URL вебсайта]]></commentInRDBMS>
<ownerDesignName>book_db</ownerDesignName>
<nullsAllowed>true</nullsAllowed>
<useDomainConstraints>false</useDomainConstraints>
<use>1</use>
<logicalDatatype>LOGDT024</logicalDatatype>
<dataTypeSize>500</dataTypeSize>
<ownDataTypeParameters>500,,</ownDataTypeParameters>
<autoIncrementCycle>false</autoIncrementCycle>
</Column>
</columns>
<indexes itemClass="oracle.dbtools.crest.model.design.relational.Index">
<ind_PK_UK id="0942F55A-6444-81C5-5712-9CC91F4B2E04" name="PUBLISH_HOUSE_PK">
<createdBy>Крот</createdBy>
<createdTime>2022-06-09 16:20:30 UTC</createdTime>
<ownerDesignName>book_db</ownerDesignName>
<pk>true</pk>
<indexState>Primary Constraint</indexState>
<isSurrogateKey>false</isSurrogateKey>
<indexColumnUsage>
<colUsage columnID="63F3607D-43A2-34AF-02D6-885B9F2BDCF0"/>
</indexColumnUsage>
</ind_PK_UK>
</indexes>
</Table>