<?xml version = '1.0' encoding = 'UTF-8'?>
<Table class="oracle.dbtools.crest.model.design.relational.Table" directorySegmentName="seg_0" id="58045409-379C-BB1C-A7C1-E906F7D8B9E1" name="BOOK_GROUP">
<createdBy>Крот</createdBy>
<createdTime>2022-06-14 16:23:25 UTC</createdTime>
<ownerDesignName>book_db</ownerDesignName>
<ordsAlias>table_18</ordsAlias>
<allowColumnReorder>false</allowColumnReorder>
<existDependencyGenerateInDDl>true</existDependencyGenerateInDDl>
<parsed>true</parsed>
<columns itemClass="oracle.dbtools.crest.model.design.relational.Column">
<Column name="ID" id="06FCE8E3-5B91-B57E-6BC4-14DE1C0474B8">
<createdBy>Крот</createdBy>
<createdTime>2022-06-14 16:24:08 UTC</createdTime>
<commentInRDBMS><![CDATA[Группа изданий]]></commentInRDBMS>
<ownerDesignName>book_db</ownerDesignName>
<useDomainConstraints>false</useDomainConstraints>
<use>1</use>
<logicalDatatype>LOGDT019</logicalDatatype>
<ownDataTypeParameters>,,</ownDataTypeParameters>
<autoIncrementCycle>false</autoIncrementCycle>
</Column>
<Column name="GROUP_NAME" id="CD443F62-F91F-8E12-8AF8-4CA36B90FD78">
<createdBy>Крот</createdBy>
<createdTime>2022-06-14 16:24:47 UTC</createdTime>
<commentInRDBMS><![CDATA[Наименование группы]]></commentInRDBMS>
<ownerDesignName>book_db</ownerDesignName>
<useDomainConstraints>false</useDomainConstraints>
<use>1</use>
<logicalDatatype>LOGDT024</logicalDatatype>
<dataTypeSize>200</dataTypeSize>
<ownDataTypeParameters>200,,</ownDataTypeParameters>
<autoIncrementCycle>false</autoIncrementCycle>
</Column>
<Column name="BOOK_GROUP_TYPE_ID" id="0E355735-502B-6AB7-0514-AC5B4DF58B43">
<createdBy>Крот</createdBy>
<createdTime>2022-06-14 16:25:17 UTC</createdTime>
<ownerDesignName>book_db</ownerDesignName>
<useDomainConstraints>false</useDomainConstraints>
<use>1</use>
<logicalDatatype>LOGDT019</logicalDatatype>
<ownDataTypeParameters>,,</ownDataTypeParameters>
<previousColumn>false</previousColumn>
<autoIncrementCycle>false</autoIncrementCycle>
<associations>
<colAssociation fkAssociation="713794BD-E78F-513D-2E78-5805CE0A6A22" referredColumn="A0D82CD1-D8C6-F257-FF33-D7CDEEAAA6BA"/>
</associations>
</Column>
</columns>
<indexes itemClass="oracle.dbtools.crest.model.design.relational.Index">
<ind_PK_UK id="0D14DCF7-F736-4084-1AF8-541C66B75D10" name="BOOK_GROUP_PK">
<createdBy>Крот</createdBy>
<createdTime>2022-06-14 16:24:08 UTC</createdTime>
<ownerDesignName>book_db</ownerDesignName>
<pk>true</pk>
<indexState>Primary Constraint</indexState>
<isSurrogateKey>false</isSurrogateKey>
<indexColumnUsage>
<colUsage columnID="06FCE8E3-5B91-B57E-6BC4-14DE1C0474B8"/>
</indexColumnUsage>
</ind_PK_UK>
<ind_PK_UK id="18651571-8B36-7BA9-901E-A1631A247164" name="GROUP_TYPE_BOOK_GROUP_FK">
<createdBy>Крот</createdBy>
<createdTime>2022-06-14 16:25:17 UTC</createdTime>
<ownerDesignName>book_db</ownerDesignName>
<indexState>Foreign Key</indexState>
<isSurrogateKey>false</isSurrogateKey>
<indexColumnUsage>
<colUsage columnID="0E355735-502B-6AB7-0514-AC5B4DF58B43"/>
</indexColumnUsage>
</ind_PK_UK>
</indexes>
</Table>