<?xml version = '1.0' encoding = 'UTF-8'?>
<Table class="oracle.dbtools.crest.model.design.relational.Table" directorySegmentName="seg_0" id="5B109FB2-10DD-7D29-7BDE-FD538E6423A3" name="BOOK_GROUP_TYPE">
<createdBy>Крот</createdBy>
<createdTime>2022-06-14 16:22:00 UTC</createdTime>
<commentInRDBMS><![CDATA[Справочник типов группировки изданий]]></commentInRDBMS>
<ownerDesignName>book_db</ownerDesignName>
<ordsAlias>table_14</ordsAlias>
<allowColumnReorder>false</allowColumnReorder>
<existDependencyGenerateInDDl>true</existDependencyGenerateInDDl>
<parsed>true</parsed>
<columns itemClass="oracle.dbtools.crest.model.design.relational.Column">
<Column name="ID" id="A0D82CD1-D8C6-F257-FF33-D7CDEEAAA6BA">
<createdBy>Крот</createdBy>
<createdTime>2022-06-14 16:22:00 UTC</createdTime>
<commentInRDBMS><![CDATA[ИД записи]]></commentInRDBMS>
<ownerDesignName>book_db</ownerDesignName>
<useDomainConstraints>false</useDomainConstraints>
<use>1</use>
<logicalDatatype>LOGDT019</logicalDatatype>
<ownDataTypeParameters>,,</ownDataTypeParameters>
<autoIncrementCycle>false</autoIncrementCycle>
</Column>
<Column name="BOOK_GROUP_TYPE_NAME" id="6885C87B-6034-6A0F-2194-7988E20CB61A">
<createdBy>Крот</createdBy>
<createdTime>2022-06-14 16:22:00 UTC</createdTime>
<commentInRDBMS><![CDATA[Наименование типа группы]]></commentInRDBMS>
<ownerDesignName>book_db</ownerDesignName>
<nullsAllowed>true</nullsAllowed>
<useDomainConstraints>false</useDomainConstraints>
<use>1</use>
<logicalDatatype>LOGDT024</logicalDatatype>
<dataTypeSize>50</dataTypeSize>
<ownDataTypeParameters>50,,</ownDataTypeParameters>
<autoIncrementCycle>false</autoIncrementCycle>
</Column>
</columns>
<indexes itemClass="oracle.dbtools.crest.model.design.relational.Index">
<ind_PK_UK id="6E885455-E9D8-EC1C-1B6E-1CB20CBC9D38" name="BOOK_GROUP_TYPE_PK">
<createdBy>Крот</createdBy>
<createdTime>2022-06-14 16:22:00 UTC</createdTime>
<ownerDesignName>book_db</ownerDesignName>
<pk>true</pk>
<indexState>Primary Constraint</indexState>
<isSurrogateKey>false</isSurrogateKey>
<indexColumnUsage>
<colUsage columnID="A0D82CD1-D8C6-F257-FF33-D7CDEEAAA6BA"/>
</indexColumnUsage>
</ind_PK_UK>
<ind_PK_UK id="0564B33F-F759-E77C-EF4C-CB18745EA68B" name="BOOK_GROUP_TYPE_UN">
<createdBy>Крот</createdBy>
<createdTime>2022-06-14 16:22:00 UTC</createdTime>
<ownerDesignName>book_db</ownerDesignName>
<indexState>Unique Constraint</indexState>
<isSurrogateKey>false</isSurrogateKey>
<indexColumnUsage>
<colUsage columnID="6885C87B-6034-6A0F-2194-7988E20CB61A"/>
</indexColumnUsage>
</ind_PK_UK>
</indexes>
</Table>