<?xml version = '1.0' encoding = 'UTF-8'?>
<Table class="oracle.dbtools.crest.model.design.relational.Table" directorySegmentName="seg_0" id="6B4DEC92-5A8A-5640-D85F-2B349AAD0533" name="READER_TYPE">
<createdBy>Крот</createdBy>
<createdTime>2022-06-09 17:09:49 UTC</createdTime>
<commentInRDBMS><![CDATA[Тип читателя]]></commentInRDBMS>
<ownerDesignName>book_db</ownerDesignName>
<ordsAlias>table_7</ordsAlias>
<allowColumnReorder>false</allowColumnReorder>
<existDependencyGenerateInDDl>true</existDependencyGenerateInDDl>
<parsed>true</parsed>
<columns itemClass="oracle.dbtools.crest.model.design.relational.Column">
<Column name="ID" id="AEB65706-75DB-49AF-76C7-43FFDAC84F4D">
<createdBy>Крот</createdBy>
<createdTime>2022-06-09 17:09:49 UTC</createdTime>
<commentInRDBMS><![CDATA[ИД записи]]></commentInRDBMS>
<generatorID>F4E748BA-9189-E0E3-3377-6D9C1EC11591</generatorID>
<ownerDesignName>book_db</ownerDesignName>
<useDomainConstraints>false</useDomainConstraints>
<use>1</use>
<logicalDatatype>LOGDT019</logicalDatatype>
<ownDataTypeParameters>,,</ownDataTypeParameters>
<autoIncrementCycle>false</autoIncrementCycle>
</Column>
<Column name="TYPE_NAME" id="A3445904-1D9F-7634-6EA0-FA0D8797C179">
<createdBy>Крот</createdBy>
<createdTime>2022-06-09 17:09:49 UTC</createdTime>
<commentInRDBMS><![CDATA[Наименование типа]]></commentInRDBMS>
<generatorID>B5225C74-8681-726C-A183-C3A682043205</generatorID>
<ownerDesignName>book_db</ownerDesignName>
<nullsAllowed>true</nullsAllowed>
<useDomainConstraints>false</useDomainConstraints>
<use>1</use>
<logicalDatatype>LOGDT024</logicalDatatype>
<dataTypeSize>50</dataTypeSize>
<ownDataTypeParameters>50,,</ownDataTypeParameters>
<autoIncrementCycle>false</autoIncrementCycle>
</Column>
<Column name="AGE_MIN" id="28E76B35-F56B-CC82-B287-6A9DC110EE72">
<createdBy>Крот</createdBy>
<createdTime>2022-06-09 17:11:34 UTC</createdTime>
<commentInRDBMS><![CDATA[Минимальный возраст]]></commentInRDBMS>
<ownerDesignName>book_db</ownerDesignName>
<nullsAllowed>true</nullsAllowed>
<useDomainConstraints>false</useDomainConstraints>
<use>1</use>
<logicalDatatype>LOGDT019</logicalDatatype>
<ownDataTypeParameters>,,</ownDataTypeParameters>
<autoIncrementCycle>false</autoIncrementCycle>
</Column>
<Column name="AGE_MAX" id="5ED195D5-0344-D247-B6A5-1B49C8899A9C">
<createdBy>Крот</createdBy>
<createdTime>2022-06-09 17:11:34 UTC</createdTime>
<commentInRDBMS><![CDATA[Минимальный возраст]]></commentInRDBMS>
<ownerDesignName>book_db</ownerDesignName>
<nullsAllowed>true</nullsAllowed>
<useDomainConstraints>false</useDomainConstraints>
<use>1</use>
<logicalDatatype>LOGDT019</logicalDatatype>
<ownDataTypeParameters>,,</ownDataTypeParameters>
<autoIncrementCycle>false</autoIncrementCycle>
</Column>
</columns>
<indexes itemClass="oracle.dbtools.crest.model.design.relational.Index">
<ind_PK_UK id="532F8285-6987-2EFB-57E8-8ED57AAE9D1E" name="READER_TYPE_PK">
<createdBy>Крот</createdBy>
<createdTime>2022-06-09 17:09:49 UTC</createdTime>
<ownerDesignName>book_db</ownerDesignName>
<pk>true</pk>
<indexState>Primary Constraint</indexState>
<isSurrogateKey>false</isSurrogateKey>
<indexColumnUsage>
<colUsage columnID="AEB65706-75DB-49AF-76C7-43FFDAC84F4D"/>
</indexColumnUsage>
</ind_PK_UK>
<ind_PK_UK id="B9EF132D-1547-19B9-B57D-872225B4BEC5" name="READER_TYPE_UN">
<createdBy>Крот</createdBy>
<createdTime>2022-06-09 18:05:01 UTC</createdTime>
<ownerDesignName>book_db</ownerDesignName>
<indexState>Unique Constraint</indexState>
<isSurrogateKey>false</isSurrogateKey>
<indexColumnUsage>
<colUsage columnID="A3445904-1D9F-7634-6EA0-FA0D8797C179"/>
</indexColumnUsage>
</ind_PK_UK>
</indexes>
</Table>