<?xml version = '1.0' encoding = 'UTF-8'?>
<Table class="oracle.dbtools.crest.model.design.relational.Table" directorySegmentName="seg_0" id="8523760C-D8A9-6967-C5E5-77D0F580C10B" name="BOOK_FORMAT_GROUP">
<createdBy>Крот</createdBy>
<createdTime>2022-06-09 16:35:08 UTC</createdTime>
<commentInRDBMS><![CDATA[Справочник групп форматов]]></commentInRDBMS>
<ownerDesignName>book_db</ownerDesignName>
<ordsAlias>table_7</ordsAlias>
<allowColumnReorder>false</allowColumnReorder>
<existDependencyGenerateInDDl>true</existDependencyGenerateInDDl>
<parsed>true</parsed>
<columns itemClass="oracle.dbtools.crest.model.design.relational.Column">
<Column name="ID" id="85E3EDE6-C9F8-D8CD-E7C2-534CDB4B4571">
<createdBy>Крот</createdBy>
<createdTime>2022-06-09 16:35:08 UTC</createdTime>
<commentInRDBMS><![CDATA[ИД записи]]></commentInRDBMS>
<generatorID>F4E748BA-9189-E0E3-3377-6D9C1EC11591</generatorID>
<ownerDesignName>book_db</ownerDesignName>
<useDomainConstraints>false</useDomainConstraints>
<use>1</use>
<logicalDatatype>LOGDT019</logicalDatatype>
<ownDataTypeParameters>,,</ownDataTypeParameters>
<autoIncrementCycle>false</autoIncrementCycle>
</Column>
<Column name="GROUP_NAME" id="EDCAB825-5B78-F393-F406-7E36B4C2B52A">
<createdBy>Крот</createdBy>
<createdTime>2022-06-09 16:35:08 UTC</createdTime>
<commentInRDBMS><![CDATA[Код формата]]></commentInRDBMS>
<generatorID>B5225C74-8681-726C-A183-C3A682043205</generatorID>
<ownerDesignName>book_db</ownerDesignName>
<nullsAllowed>true</nullsAllowed>
<useDomainConstraints>false</useDomainConstraints>
<use>1</use>
<logicalDatatype>LOGDT024</logicalDatatype>
<dataTypeSize>4000</dataTypeSize>
<ownDataTypeParameters>4000,,</ownDataTypeParameters>
<autoIncrementCycle>false</autoIncrementCycle>
</Column>
</columns>
<indexes itemClass="oracle.dbtools.crest.model.design.relational.Index">
<ind_PK_UK id="AB39A041-D66A-21E4-3018-CD0B14C9AC13" name="BOOK_FORMAT_GROUP_PK">
<createdBy>Крот</createdBy>
<createdTime>2022-06-09 16:37:27 UTC</createdTime>
<ownerDesignName>book_db</ownerDesignName>
<pk>true</pk>
<indexState>Primary Constraint</indexState>
<isSurrogateKey>false</isSurrogateKey>
<indexColumnUsage>
<colUsage columnID="85E3EDE6-C9F8-D8CD-E7C2-534CDB4B4571"/>
</indexColumnUsage>
</ind_PK_UK>
<ind_PK_UK id="78615040-2ABD-916A-330B-AC06FEC23DC2" name="BOOK_FORMAT_GROUP_UN">
<createdBy>Крот</createdBy>
<createdTime>2022-06-09 18:06:23 UTC</createdTime>
<ownerDesignName>book_db</ownerDesignName>
<indexState>Unique Constraint</indexState>
<isSurrogateKey>false</isSurrogateKey>
<indexColumnUsage>
<colUsage columnID="EDCAB825-5B78-F393-F406-7E36B4C2B52A"/>
</indexColumnUsage>
</ind_PK_UK>
</indexes>
</Table>