<?xml version = '1.0' encoding = 'UTF-8'?>
<Table class="oracle.dbtools.crest.model.design.relational.Table" directorySegmentName="seg_0" id="877A2E2E-411D-2196-CC07-3A6FC26B6945" name="NOVEL_VERSION_LANGUAGE">
<createdBy>Крот</createdBy>
<createdTime>2022-07-11 10:06:06 UTC</createdTime>
<ownerDesignName>book_db</ownerDesignName>
<ordsAlias>table_30</ordsAlias>
<allowColumnReorder>false</allowColumnReorder>
<existDependencyGenerateInDDl>true</existDependencyGenerateInDDl>
<parsed>true</parsed>
<columns itemClass="oracle.dbtools.crest.model.design.relational.Column">
<Column name="ID" id="97A210B9-8DF6-32D5-D6FB-903D0EC8B0D6">
<createdBy>Крот</createdBy>
<createdTime>2022-07-11 10:06:23 UTC</createdTime>
<commentInRDBMS><![CDATA[ИД записи]]></commentInRDBMS>
<ownerDesignName>book_db</ownerDesignName>
<useDomainConstraints>false</useDomainConstraints>
<use>1</use>
<logicalDatatype>LOGDT019</logicalDatatype>
<ownDataTypeParameters>,,</ownDataTypeParameters>
<autoIncrementCycle>false</autoIncrementCycle>
</Column>
<Column name="NOVEL_VERSION_ID" id="8530CF1D-FC93-14A9-DA6C-75B9B838B871">
<createdBy>Крот</createdBy>
<createdTime>2022-07-11 10:06:28 UTC</createdTime>
<ownerDesignName>book_db</ownerDesignName>
<useDomainConstraints>false</useDomainConstraints>
<use>1</use>
<logicalDatatype>LOGDT019</logicalDatatype>
<ownDataTypeParameters>,,</ownDataTypeParameters>
<previousColumn>false</previousColumn>
<autoIncrementCycle>false</autoIncrementCycle>
<associations>
<colAssociation fkAssociation="6BA9005F-93DA-1B15-FF13-C7A9DB3A51B1" referredColumn="59DCD624-D34E-5BC5-5AF7-7FDCB56F2783"/>
</associations>
</Column>
<Column name="LANGUAGE_ID" id="4A650654-129D-BCC0-4DEF-1E8872C15F1B">
<createdBy>Крот</createdBy>
<createdTime>2022-07-11 10:06:36 UTC</createdTime>
<ownerDesignName>book_db</ownerDesignName>
<useDomainConstraints>false</useDomainConstraints>
<use>1</use>
<logicalDatatype>LOGDT019</logicalDatatype>
<ownDataTypeParameters>,,</ownDataTypeParameters>
<previousColumn>false</previousColumn>
<autoIncrementCycle>false</autoIncrementCycle>
<associations>
<colAssociation fkAssociation="B0983D67-87ED-809F-68C3-FFD410F63458" referredColumn="60B22A17-62F5-CC8C-2D60-11AF0D86FC3A"/>
</associations>
</Column>
</columns>
<indexes itemClass="oracle.dbtools.crest.model.design.relational.Index">
<ind_PK_UK id="F9458391-4B07-6050-0C00-9C9AC99B44CD" name="NOVEL_VERSION_LANGUAGE_FK">
<createdBy>Крот</createdBy>
<createdTime>2022-07-11 10:06:28 UTC</createdTime>
<ownerDesignName>book_db</ownerDesignName>
<indexState>Foreign Key</indexState>
<isSurrogateKey>false</isSurrogateKey>
<indexColumnUsage>
<colUsage columnID="8530CF1D-FC93-14A9-DA6C-75B9B838B871"/>
</indexColumnUsage>
</ind_PK_UK>
<ind_PK_UK id="65B35B85-E06A-FCA7-B9CB-414E59E7F128" name="NOVEL_VERSION_LANGUAGE_LANG_FK">
<createdBy>Крот</createdBy>
<createdTime>2022-07-11 10:06:36 UTC</createdTime>
<ownerDesignName>book_db</ownerDesignName>
<indexState>Foreign Key</indexState>
<isSurrogateKey>false</isSurrogateKey>
<indexColumnUsage>
<colUsage columnID="4A650654-129D-BCC0-4DEF-1E8872C15F1B"/>
</indexColumnUsage>
</ind_PK_UK>
</indexes>
</Table>