<?xml version = '1.0' encoding = 'UTF-8'?>
<Table class="oracle.dbtools.crest.model.design.relational.Table" directorySegmentName="seg_0" id="88C1A5B6-0B75-7E32-CB23-14193CAAF260" name="PUBLISH_GROUP">
<createdBy>Крот</createdBy>
<createdTime>2022-06-09 17:15:48 UTC</createdTime>
<commentInRDBMS><![CDATA[Группа подготовки издания]]></commentInRDBMS>
<ownerDesignName>book_db</ownerDesignName>
<ordsAlias>table_12</ordsAlias>
<allowColumnReorder>false</allowColumnReorder>
<existDependencyGenerateInDDl>true</existDependencyGenerateInDDl>
<parsed>true</parsed>
<columns itemClass="oracle.dbtools.crest.model.design.relational.Column">
<Column name="ID" id="EE2BA990-9765-9FF9-0404-A0E74F7AAC13">
<createdBy>Крот</createdBy>
<createdTime>2022-06-09 17:16:33 UTC</createdTime>
<commentInRDBMS><![CDATA[ИД записи]]></commentInRDBMS>
<ownerDesignName>book_db</ownerDesignName>
<useDomainConstraints>false</useDomainConstraints>
<use>1</use>
<logicalDatatype>LOGDT019</logicalDatatype>
<ownDataTypeParameters>,,</ownDataTypeParameters>
<autoIncrementCycle>false</autoIncrementCycle>
</Column>
<Column name="BOOK_ID" id="83AD5FE1-3894-F44C-BF78-CBA32CC3563E">
<createdBy>Крот</createdBy>
<createdTime>2022-06-09 17:17:27 UTC</createdTime>
<ownerDesignName>book_db</ownerDesignName>
<useDomainConstraints>false</useDomainConstraints>
<use>1</use>
<logicalDatatype>LOGDT019</logicalDatatype>
<ownDataTypeParameters>,,</ownDataTypeParameters>
<previousColumn>false</previousColumn>
<autoIncrementCycle>false</autoIncrementCycle>
<associations>
<colAssociation fkAssociation="D1974322-0B70-9248-0AA5-D99DFE3260E3" referredColumn="5F31CF76-C3ED-F171-91A6-8EF224B82957"/>
</associations>
</Column>
<Column name="LAST_NAME" id="39EB0AF2-6580-6A2C-5C1D-CCB69E91D71E">
<createdBy>Крот</createdBy>
<createdTime>2022-06-09 17:16:57 UTC</createdTime>
<generatorID>B0FC2300-8F2F-FA31-A235-A056C3FC3A67</generatorID>
<ownerDesignName>book_db</ownerDesignName>
<nullsAllowed>true</nullsAllowed>
<useDomainConstraints>false</useDomainConstraints>
<use>1</use>
<logicalDatatype>LOGDT024</logicalDatatype>
<dataTypeSize>100</dataTypeSize>
<ownDataTypeParameters>100,,</ownDataTypeParameters>
<autoIncrementCycle>false</autoIncrementCycle>
</Column>
<Column name="FIRST_NAME" id="223170F3-A2BB-7334-8544-42D6C1548540">
<createdBy>Крот</createdBy>
<createdTime>2022-06-09 17:16:57 UTC</createdTime>
<generatorID>AF093830-BA9A-D6C8-BCDF-733FAE4CF789</generatorID>
<ownerDesignName>book_db</ownerDesignName>
<nullsAllowed>true</nullsAllowed>
<useDomainConstraints>false</useDomainConstraints>
<use>1</use>
<logicalDatatype>LOGDT024</logicalDatatype>
<dataTypeSize>100</dataTypeSize>
<ownDataTypeParameters>100,,</ownDataTypeParameters>
<autoIncrementCycle>false</autoIncrementCycle>
</Column>
<Column name="MIDDLE_NAME" id="5F8A7DC7-676F-88F7-A285-1A46ACB31C57">
<createdBy>Крот</createdBy>
<createdTime>2022-06-09 17:16:57 UTC</createdTime>
<generatorID>AF093830-BA9A-D6C8-BCDF-733FAE4CF789</generatorID>
<ownerDesignName>book_db</ownerDesignName>
<nullsAllowed>true</nullsAllowed>
<useDomainConstraints>false</useDomainConstraints>
<use>1</use>
<logicalDatatype>LOGDT024</logicalDatatype>
<dataTypeSize>100</dataTypeSize>
<ownDataTypeParameters>100,,</ownDataTypeParameters>
<autoIncrementCycle>false</autoIncrementCycle>
</Column>
<Column name="PUBLISH_GROUP_ROLE_ID" id="38BE23B4-A331-81B6-4B4F-3796EEB03832">
<createdBy>Крот</createdBy>
<createdTime>2022-06-09 17:19:43 UTC</createdTime>
<ownerDesignName>book_db</ownerDesignName>
<useDomainConstraints>false</useDomainConstraints>
<use>1</use>
<logicalDatatype>LOGDT019</logicalDatatype>
<ownDataTypeParameters>,,</ownDataTypeParameters>
<previousColumn>false</previousColumn>
<autoIncrementCycle>false</autoIncrementCycle>
<associations>
<colAssociation fkAssociation="E863F2F8-D2D8-99FD-0DB6-2B087782DB5E" referredColumn="5809C998-D84B-EE79-F543-4497925E6C8F"/>
</associations>
</Column>
</columns>
<indexes itemClass="oracle.dbtools.crest.model.design.relational.Index">
<ind_PK_UK id="28464B56-E54D-9675-4272-FE556ED14FE0" name="PUBLISH_GROUP_PK">
<createdBy>Крот</createdBy>
<createdTime>2022-06-09 17:16:33 UTC</createdTime>
<ownerDesignName>book_db</ownerDesignName>
<pk>true</pk>
<indexState>Primary Constraint</indexState>
<isSurrogateKey>false</isSurrogateKey>
<indexColumnUsage>
<colUsage columnID="EE2BA990-9765-9FF9-0404-A0E74F7AAC13"/>
</indexColumnUsage>
</ind_PK_UK>
<ind_PK_UK id="5DF33B2D-9DDE-733D-659F-70E988ADB068" name="PUBLISH_GROUP_BOOK_FK">
<createdBy>Крот</createdBy>
<createdTime>2022-06-09 17:17:27 UTC</createdTime>
<generatorID>ADD23150-19A6-AA55-20EC-4BD594CBF40C</generatorID>
<ownerDesignName>book_db</ownerDesignName>
<indexState>Foreign Key</indexState>
<isSurrogateKey>false</isSurrogateKey>
<indexColumnUsage>
<colUsage columnID="83AD5FE1-3894-F44C-BF78-CBA32CC3563E"/>
</indexColumnUsage>
</ind_PK_UK>
<ind_PK_UK id="14F6AAFC-6872-C448-E0D6-6070815F2133" name="PUBLISH_GROUP_ROLE_FK">
<createdBy>Крот</createdBy>
<createdTime>2022-06-09 17:19:43 UTC</createdTime>
<ownerDesignName>book_db</ownerDesignName>
<indexState>Foreign Key</indexState>
<isSurrogateKey>false</isSurrogateKey>
<indexColumnUsage>
<colUsage columnID="38BE23B4-A331-81B6-4B4F-3796EEB03832"/>
</indexColumnUsage>
</ind_PK_UK>
</indexes>
</Table>