<?xml version = '1.0' encoding = 'UTF-8'?>
<Table class="oracle.dbtools.crest.model.design.relational.Table" directorySegmentName="seg_0" id="8C50DBA1-EB5E-0C98-90E8-2F004A1181D2" name="BOOK_FORMAT">
<createdBy>Крот</createdBy>
<createdTime>2022-06-09 16:29:34 UTC</createdTime>
<commentInRDBMS><![CDATA[Справочник форматов]]></commentInRDBMS>
<ownerDesignName>book_db</ownerDesignName>
<ordsAlias>table_7</ordsAlias>
<allowColumnReorder>false</allowColumnReorder>
<existDependencyGenerateInDDl>true</existDependencyGenerateInDDl>
<parsed>true</parsed>
<columns itemClass="oracle.dbtools.crest.model.design.relational.Column">
<Column name="ID" id="EAB70E25-0F44-72E2-7DC7-8FAC238CC966">
<createdBy>Крот</createdBy>
<createdTime>2022-06-09 16:31:02 UTC</createdTime>
<commentInRDBMS><![CDATA[ИД записи]]></commentInRDBMS>
<generatorID>F4E748BA-9189-E0E3-3377-6D9C1EC11591</generatorID>
<ownerDesignName>book_db</ownerDesignName>
<useDomainConstraints>false</useDomainConstraints>
<use>1</use>
<logicalDatatype>LOGDT019</logicalDatatype>
<ownDataTypeParameters>,,</ownDataTypeParameters>
<autoIncrementCycle>false</autoIncrementCycle>
</Column>
<Column name="BOOK_FORMAT_GROUP_ID" id="6D1CE63C-468C-D0F9-9CD0-C7C09FC1B01D">
<createdBy>Крот</createdBy>
<createdTime>2022-06-09 16:38:23 UTC</createdTime>
<ownerDesignName>book_db</ownerDesignName>
<useDomainConstraints>false</useDomainConstraints>
<use>1</use>
<logicalDatatype>LOGDT019</logicalDatatype>
<ownDataTypeParameters>,,</ownDataTypeParameters>
<previousColumn>false</previousColumn>
<autoIncrementCycle>false</autoIncrementCycle>
<associations>
<colAssociation fkAssociation="9921841A-1D2E-F215-CF15-56D4EE7195F3" referredColumn="85E3EDE6-C9F8-D8CD-E7C2-534CDB4B4571"/>
</associations>
</Column>
<Column name="SHEET_LENGTH" id="6634DA50-4C6C-DE90-3893-C0D4A05F352A">
<createdBy>Крот</createdBy>
<createdTime>2022-06-09 16:39:57 UTC</createdTime>
<commentInRDBMS><![CDATA[Длина листа]]></commentInRDBMS>
<ownerDesignName>book_db</ownerDesignName>
<nullsAllowed>true</nullsAllowed>
<useDomainConstraints>false</useDomainConstraints>
<use>1</use>
<logicalDatatype>LOGDT019</logicalDatatype>
<ownDataTypeParameters>,,</ownDataTypeParameters>
<autoIncrementCycle>false</autoIncrementCycle>
</Column>
<Column name="SHEET_WIDTH" id="1A152D49-ED66-B753-9D80-F94553524083">
<createdBy>Крот</createdBy>
<createdTime>2022-06-09 16:42:23 UTC</createdTime>
<commentInRDBMS><![CDATA[Ширина  листа]]></commentInRDBMS>
<ownerDesignName>book_db</ownerDesignName>
<nullsAllowed>true</nullsAllowed>
<useDomainConstraints>false</useDomainConstraints>
<use>1</use>
<logicalDatatype>LOGDT019</logicalDatatype>
<ownDataTypeParameters>,,</ownDataTypeParameters>
<autoIncrementCycle>false</autoIncrementCycle>
</Column>
<Column name="PART_SHEET" id="BE02804C-6C96-8CC3-5644-2F864D24EED0">
<createdBy>Крот</createdBy>
<createdTime>2022-06-09 16:40:18 UTC</createdTime>
<commentInRDBMS><![CDATA[Доля листа]]></commentInRDBMS>
<ownerDesignName>book_db</ownerDesignName>
<nullsAllowed>true</nullsAllowed>
<useDomainConstraints>false</useDomainConstraints>
<use>1</use>
<logicalDatatype>LOGDT019</logicalDatatype>
<ownDataTypeParameters>,,</ownDataTypeParameters>
<autoIncrementCycle>false</autoIncrementCycle>
</Column>
</columns>
<indexes itemClass="oracle.dbtools.crest.model.design.relational.Index">
<ind_PK_UK id="2A1627EC-7861-AF8B-4FF3-B8E3B8D81A3D" name="BOOK_FORMAT_PK">
<createdBy>Крот</createdBy>
<createdTime>2022-06-09 16:37:37 UTC</createdTime>
<ownerDesignName>book_db</ownerDesignName>
<pk>true</pk>
<indexState>Primary Constraint</indexState>
<isSurrogateKey>false</isSurrogateKey>
<indexColumnUsage>
<colUsage columnID="EAB70E25-0F44-72E2-7DC7-8FAC238CC966"/>
</indexColumnUsage>
</ind_PK_UK>
<ind_PK_UK id="BB10F023-493E-83E1-9AB0-C96F13847914" name="BOOK_FORMAT_GROUP_FK">
<createdBy>Крот</createdBy>
<createdTime>2022-06-09 16:38:23 UTC</createdTime>
<ownerDesignName>book_db</ownerDesignName>
<indexState>Foreign Key</indexState>
<isSurrogateKey>false</isSurrogateKey>
<indexColumnUsage>
<colUsage columnID="6D1CE63C-468C-D0F9-9CD0-C7C09FC1B01D"/>
</indexColumnUsage>
</ind_PK_UK>
</indexes>
</Table>