<?xml version = '1.0' encoding = 'UTF-8'?>
<Table class="oracle.dbtools.crest.model.design.relational.Table" directorySegmentName="seg_0" id="A23E19CC-FD10-9F0E-09C6-80344D4FCC75" name="AUTHOR">
<createdBy>Крот</createdBy>
<createdTime>2022-06-07 17:28:17 UTC</createdTime>
<generatorID>EB5F8779-F4AB-263F-9FDE-E881A5EF287A</generatorID>
<ownerDesignName>book_db</ownerDesignName>
<allowColumnReorder>false</allowColumnReorder>
<existDependencyGenerateInDDl>true</existDependencyGenerateInDDl>
<parsed>true</parsed>
<columns itemClass="oracle.dbtools.crest.model.design.relational.Column">
<Column name="ID" id="25B0EF61-578E-C06F-4F8C-7D74AF0D9F5C">
<createdBy>Крот</createdBy>
<createdTime>2022-06-07 17:28:17 UTC</createdTime>
<generatorID>24DC1A51-38D0-5862-F8A0-6F79496C4BAB</generatorID>
<ownerDesignName>book_db</ownerDesignName>
<useDomainConstraints>false</useDomainConstraints>
<use>1</use>
<logicalDatatype>LOGDT019</logicalDatatype>
<ownDataTypeParameters>,,</ownDataTypeParameters>
<autoIncrementCycle>false</autoIncrementCycle>
</Column>
<Column name="LAST_NAME" id="878DA628-1420-0747-0811-6C2A3675F710">
<createdBy>Крот</createdBy>
<createdTime>2022-06-07 17:28:17 UTC</createdTime>
<generatorID>B0FC2300-8F2F-FA31-A235-A056C3FC3A67</generatorID>
<ownerDesignName>book_db</ownerDesignName>
<nullsAllowed>true</nullsAllowed>
<useDomainConstraints>false</useDomainConstraints>
<use>1</use>
<logicalDatatype>LOGDT024</logicalDatatype>
<dataTypeSize>100</dataTypeSize>
<ownDataTypeParameters>100,,</ownDataTypeParameters>
<autoIncrementCycle>false</autoIncrementCycle>
</Column>
<Column name="FIRST_NAME" id="F5B55D2A-25F4-36F8-FDB3-7BA09A6936FE">
<createdBy>Крот</createdBy>
<createdTime>2022-06-07 17:28:17 UTC</createdTime>
<generatorID>AF093830-BA9A-D6C8-BCDF-733FAE4CF789</generatorID>
<ownerDesignName>book_db</ownerDesignName>
<nullsAllowed>true</nullsAllowed>
<useDomainConstraints>false</useDomainConstraints>
<use>1</use>
<logicalDatatype>LOGDT024</logicalDatatype>
<dataTypeSize>100</dataTypeSize>
<ownDataTypeParameters>100,,</ownDataTypeParameters>
<autoIncrementCycle>false</autoIncrementCycle>
</Column>
<Column name="MIDDLE_NAME" id="4D5849B3-51C3-E69E-7716-A8397340BEAB">
<createdBy>Крот</createdBy>
<createdTime>2022-06-09 17:02:03 UTC</createdTime>
<generatorID>AF093830-BA9A-D6C8-BCDF-733FAE4CF789</generatorID>
<ownerDesignName>book_db</ownerDesignName>
<nullsAllowed>true</nullsAllowed>
<useDomainConstraints>false</useDomainConstraints>
<use>1</use>
<logicalDatatype>LOGDT024</logicalDatatype>
<dataTypeSize>100</dataTypeSize>
<ownDataTypeParameters>100,,</ownDataTypeParameters>
<autoIncrementCycle>false</autoIncrementCycle>
</Column>
<Column name="BIRTHDAY" id="308B4193-3C7A-3E80-E838-B144DA98854B">
<createdBy>Крот</createdBy>
<createdTime>2022-06-07 17:28:17 UTC</createdTime>
<generatorID>9F6DC983-0A1F-4F8F-5114-C74D2BFDD13C</generatorID>
<ownerDesignName>book_db</ownerDesignName>
<nullsAllowed>true</nullsAllowed>
<useDomainConstraints>false</useDomainConstraints>
<use>1</use>
<logicalDatatype>LOGDT008</logicalDatatype>
<ownDataTypeParameters>,,</ownDataTypeParameters>
<autoIncrementCycle>false</autoIncrementCycle>
</Column>
</columns>
<indexes itemClass="oracle.dbtools.crest.model.design.relational.Index">
<ind_PK_UK id="BA7DC33F-BD0B-5A9C-75C1-B2AB92C69A5E" name="AUTHOR_PK">
<createdBy>Крот</createdBy>
<createdTime>2022-06-07 17:28:17 UTC</createdTime>
<generatorID>97961DED-E0F5-6D61-D9EF-7AB9144E937D</generatorID>
<ownerDesignName>book_db</ownerDesignName>
<pk>true</pk>
<indexState>Primary Constraint</indexState>
<isSurrogateKey>false</isSurrogateKey>
<indexColumnUsage>
<colUsage columnID="25B0EF61-578E-C06F-4F8C-7D74AF0D9F5C"/>
</indexColumnUsage>
</ind_PK_UK>
</indexes>
</Table>