<?xml version = '1.0' encoding = 'UTF-8'?>
<Table class="oracle.dbtools.crest.model.design.relational.Table" directorySegmentName="seg_0" id="A63FBFB4-1D5C-3B78-D3E8-88035EAEE9B7" name="NOVEL_GENRE">
<createdBy>Крот</createdBy>
<createdTime>2022-07-11 10:17:46 UTC</createdTime>
<ownerDesignName>book_db</ownerDesignName>
<ordsAlias>table_32</ordsAlias>
<allowColumnReorder>false</allowColumnReorder>
<existDependencyGenerateInDDl>true</existDependencyGenerateInDDl>
<parsed>true</parsed>
<columns itemClass="oracle.dbtools.crest.model.design.relational.Column">
<Column name="ID" id="91F2F096-DE34-BF48-EFC3-F54AD5BFE03F">
<createdBy>Крот</createdBy>
<createdTime>2022-07-11 10:18:05 UTC</createdTime>
<commentInRDBMS><![CDATA[ИД записи]]></commentInRDBMS>
<ownerDesignName>book_db</ownerDesignName>
<useDomainConstraints>false</useDomainConstraints>
<use>1</use>
<logicalDatatype>LOGDT019</logicalDatatype>
<ownDataTypeParameters>,,</ownDataTypeParameters>
<autoIncrementCycle>false</autoIncrementCycle>
</Column>
<Column name="GENRE_ID" id="7EFFC064-208F-5EF1-C960-E0048F88CD58">
<createdBy>Крот</createdBy>
<createdTime>2022-07-11 10:18:13 UTC</createdTime>
<ownerDesignName>book_db</ownerDesignName>
<useDomainConstraints>false</useDomainConstraints>
<use>1</use>
<logicalDatatype>LOGDT019</logicalDatatype>
<ownDataTypeParameters>,,</ownDataTypeParameters>
<previousColumn>false</previousColumn>
<autoIncrementCycle>false</autoIncrementCycle>
<associations>
<colAssociation fkAssociation="D7B82DF4-DD81-1B5A-C16C-BDE862C47D2C" referredColumn="F849B4C0-56D6-69B1-4291-41C239C68917"/>
</associations>
</Column>
<Column name="NOVEL_ID" id="A3975249-B2FA-0A88-86C0-4E31445D5EDE">
<createdBy>Крот</createdBy>
<createdTime>2022-07-11 10:18:17 UTC</createdTime>
<ownerDesignName>book_db</ownerDesignName>
<useDomainConstraints>false</useDomainConstraints>
<use>1</use>
<logicalDatatype>LOGDT019</logicalDatatype>
<ownDataTypeParameters>,,</ownDataTypeParameters>
<previousColumn>false</previousColumn>
<autoIncrementCycle>false</autoIncrementCycle>
<associations>
<colAssociation fkAssociation="58C38694-C150-AF46-EFAD-1398249F28BA" referredColumn="7464DE92-BC01-63BE-1EBE-723246153A0E"/>
</associations>
</Column>
</columns>
<indexes itemClass="oracle.dbtools.crest.model.design.relational.Index">
<ind_PK_UK id="B0AA314B-EA65-544D-FB4E-D267887EDA5A" name="NOVEL_GENRE_PK">
<createdBy>Крот</createdBy>
<createdTime>2022-07-11 10:18:05 UTC</createdTime>
<ownerDesignName>book_db</ownerDesignName>
<pk>true</pk>
<indexState>Primary Constraint</indexState>
<isSurrogateKey>false</isSurrogateKey>
<indexColumnUsage>
<colUsage columnID="91F2F096-DE34-BF48-EFC3-F54AD5BFE03F"/>
</indexColumnUsage>
</ind_PK_UK>
<ind_PK_UK id="913DAAB7-04F4-5113-744D-3929117D6EE9" name="NOVEL_GENRE_GENRE_FK">
<createdBy>Крот</createdBy>
<createdTime>2022-07-11 10:18:13 UTC</createdTime>
<generatorID>022D60AC-BCBE-50C9-1658-63F671A2518B</generatorID>
<ownerDesignName>book_db</ownerDesignName>
<indexState>Foreign Key</indexState>
<isSurrogateKey>false</isSurrogateKey>
<indexColumnUsage>
<colUsage columnID="7EFFC064-208F-5EF1-C960-E0048F88CD58"/>
</indexColumnUsage>
</ind_PK_UK>
<ind_PK_UK id="E95F6936-3584-C2B9-72D8-2E60B4FB28D1" name="NOVEL_GENRE_NOVEL_FK">
<createdBy>Крот</createdBy>
<createdTime>2022-07-11 10:18:17 UTC</createdTime>
<ownerDesignName>book_db</ownerDesignName>
<indexState>Foreign Key</indexState>
<isSurrogateKey>false</isSurrogateKey>
<indexColumnUsage>
<colUsage columnID="A3975249-B2FA-0A88-86C0-4E31445D5EDE"/>
</indexColumnUsage>
</ind_PK_UK>
</indexes>
</Table>