<?xml version = '1.0' encoding = 'UTF-8'?>
<Table class="oracle.dbtools.crest.model.design.relational.Table" directorySegmentName="seg_0" id="A81D36A5-4F0C-858A-5FD4-DA6E9E07C597" name="NOVEL_VERSION">
<createdBy>Крот</createdBy>
<createdTime>2022-07-11 09:54:56 UTC</createdTime>
<ownerDesignName>book_db</ownerDesignName>
<ordsAlias>table_25</ordsAlias>
<allowColumnReorder>false</allowColumnReorder>
<existDependencyGenerateInDDl>true</existDependencyGenerateInDDl>
<parsed>true</parsed>
<columns itemClass="oracle.dbtools.crest.model.design.relational.Column">
<Column name="ID" id="59DCD624-D34E-5BC5-5AF7-7FDCB56F2783">
<createdBy>Крот</createdBy>
<createdTime>2022-07-11 09:55:25 UTC</createdTime>
<commentInRDBMS><![CDATA[ИД записи]]></commentInRDBMS>
<ownerDesignName>book_db</ownerDesignName>
<useDomainConstraints>false</useDomainConstraints>
<use>1</use>
<logicalDatatype>LOGDT019</logicalDatatype>
<ownDataTypeParameters>,,</ownDataTypeParameters>
<autoIncrementCycle>false</autoIncrementCycle>
</Column>
<Column name="NOVEL_ID" id="8941E4F7-CBD8-F97A-69B9-E3D2A39CF9C4">
<createdBy>Крот</createdBy>
<createdTime>2022-07-11 09:55:45 UTC</createdTime>
<ownerDesignName>book_db</ownerDesignName>
<useDomainConstraints>false</useDomainConstraints>
<use>1</use>
<logicalDatatype>LOGDT019</logicalDatatype>
<ownDataTypeParameters>,,</ownDataTypeParameters>
<previousColumn>false</previousColumn>
<autoIncrementCycle>false</autoIncrementCycle>
<associations>
<colAssociation fkAssociation="0378AFEB-9CB4-66BD-EF86-4A76136F9488" referredColumn="7464DE92-BC01-63BE-1EBE-723246153A0E"/>
</associations>
</Column>
<Column name="NOVEL_VERSION_NAME" id="AB4BD969-B63C-8444-A02E-529CAAB1CF0F">
<createdBy>Крот</createdBy>
<createdTime>2022-07-11 10:44:48 UTC</createdTime>
<commentInRDBMS><![CDATA[Название версии произведения]]></commentInRDBMS>
<ownerDesignName>book_db</ownerDesignName>
<nullsAllowed>true</nullsAllowed>
<useDomainConstraints>false</useDomainConstraints>
<use>1</use>
<logicalDatatype>LOGDT024</logicalDatatype>
<dataTypeSize>500</dataTypeSize>
<ownDataTypeParameters>500,,</ownDataTypeParameters>
<autoIncrementCycle>false</autoIncrementCycle>
</Column>
<Column name="NOVEL_VERSION_TYPE_ID" id="B4EB24D8-0217-0608-9D68-43CD6F56BF22">
<createdBy>Крот</createdBy>
<createdTime>2022-07-11 09:57:59 UTC</createdTime>
<ownerDesignName>book_db</ownerDesignName>
<useDomainConstraints>false</useDomainConstraints>
<use>1</use>
<logicalDatatype>LOGDT019</logicalDatatype>
<ownDataTypeParameters>,,</ownDataTypeParameters>
<previousColumn>false</previousColumn>
<autoIncrementCycle>false</autoIncrementCycle>
<associations>
<colAssociation fkAssociation="44D674CC-267E-4924-D3E1-265C41B5EEAC" referredColumn="8A948AF8-D1CB-228B-FA3E-BB70B1518776"/>
</associations>
</Column>
</columns>
<indexes itemClass="oracle.dbtools.crest.model.design.relational.Index">
<ind_PK_UK id="87937F3F-55A1-904E-D57F-6B8782981E0D" name="NOVEL_VERSION_PK">
<createdBy>Крот</createdBy>
<createdTime>2022-07-11 09:55:33 UTC</createdTime>
<ownerDesignName>book_db</ownerDesignName>
<pk>true</pk>
<indexState>Primary Constraint</indexState>
<isSurrogateKey>false</isSurrogateKey>
<indexColumnUsage>
<colUsage columnID="59DCD624-D34E-5BC5-5AF7-7FDCB56F2783"/>
</indexColumnUsage>
</ind_PK_UK>
<ind_PK_UK id="E7AFF638-342E-3B6C-20E4-47D947C3F2F0" name="NOVEL_VERSION_NOVEL_FK">
<createdBy>Крот</createdBy>
<createdTime>2022-07-11 09:55:45 UTC</createdTime>
<ownerDesignName>book_db</ownerDesignName>
<indexState>Foreign Key</indexState>
<isSurrogateKey>false</isSurrogateKey>
<indexColumnUsage>
<colUsage columnID="8941E4F7-CBD8-F97A-69B9-E3D2A39CF9C4"/>
</indexColumnUsage>
</ind_PK_UK>
<ind_PK_UK id="F2CE3523-943E-2A75-E397-8292687C55C7" name="NOVEL_VERSION_TYPE_FK">
<createdBy>Крот</createdBy>
<createdTime>2022-07-11 09:57:59 UTC</createdTime>
<ownerDesignName>book_db</ownerDesignName>
<indexState>Foreign Key</indexState>
<isSurrogateKey>false</isSurrogateKey>
<indexColumnUsage>
<colUsage columnID="B4EB24D8-0217-0608-9D68-43CD6F56BF22"/>
</indexColumnUsage>
</ind_PK_UK>
</indexes>
</Table>