<?xml version = '1.0' encoding = 'UTF-8'?>
<Table class="oracle.dbtools.crest.model.design.relational.Table" directorySegmentName="seg_0" id="A9B18CF6-BFD3-6EC4-9214-478857E61AE9" name="BOOK">
<createdBy>Крот</createdBy>
<createdTime>2022-06-07 17:28:17 UTC</createdTime>
<commentInRDBMS><![CDATA[Книга. Основная таблица]]></commentInRDBMS>
<generatorID>ADCDF40F-A8AF-6E21-07EF-C9EC6EAA0704</generatorID>
<ownerDesignName>book_db</ownerDesignName>
<allowColumnReorder>false</allowColumnReorder>
<existDependencyGenerateInDDl>true</existDependencyGenerateInDDl>
<parsed>true</parsed>
<columns itemClass="oracle.dbtools.crest.model.design.relational.Column">
<Column name="ID" id="5F31CF76-C3ED-F171-91A6-8EF224B82957">
<createdBy>Крот</createdBy>
<createdTime>2022-06-07 17:28:17 UTC</createdTime>
<commentInRDBMS><![CDATA[ИД записи]]></commentInRDBMS>
<generatorID>F4E748BA-9189-E0E3-3377-6D9C1EC11591</generatorID>
<ownerDesignName>book_db</ownerDesignName>
<useDomainConstraints>false</useDomainConstraints>
<use>1</use>
<logicalDatatype>LOGDT019</logicalDatatype>
<ownDataTypeParameters>,,</ownDataTypeParameters>
<autoIncrementCycle>false</autoIncrementCycle>
</Column>
<Column name="ISBN" id="990B61CC-B982-D987-2BF6-ED02E4980014">
<createdBy>Крот</createdBy>
<createdTime>2022-06-07 17:28:17 UTC</createdTime>
<commentInRDBMS><![CDATA[Код ISBN]]></commentInRDBMS>
<generatorID>4EE7CA02-279C-1E9E-7EB0-F36D4445D4AD</generatorID>
<ownerDesignName>book_db</ownerDesignName>
<useDomainConstraints>false</useDomainConstraints>
<use>1</use>
<logicalDatatype>LOGDT024</logicalDatatype>
<dataTypeSize>30</dataTypeSize>
<ownDataTypeParameters>30,,</ownDataTypeParameters>
<autoIncrementCycle>false</autoIncrementCycle>
</Column>
<Column name="BOOK_NAME" id="A0053CF9-2FBA-1FFD-6035-1DD9AE8303F2">
<createdBy>Крот</createdBy>
<createdTime>2022-06-07 17:28:17 UTC</createdTime>
<commentInRDBMS><![CDATA[Название книги]]></commentInRDBMS>
<generatorID>B5225C74-8681-726C-A183-C3A682043205</generatorID>
<ownerDesignName>book_db</ownerDesignName>
<nullsAllowed>true</nullsAllowed>
<useDomainConstraints>false</useDomainConstraints>
<use>1</use>
<logicalDatatype>LOGDT024</logicalDatatype>
<dataTypeSize>4000</dataTypeSize>
<ownDataTypeParameters>4000,,</ownDataTypeParameters>
<autoIncrementCycle>false</autoIncrementCycle>
</Column>
<Column name="UDK" id="4B763F2E-CF26-6E49-C8DE-BC2DA113B28A">
<createdBy>Крот</createdBy>
<createdTime>2022-06-07 17:28:17 UTC</createdTime>
<commentInRDBMS><![CDATA[Код УДК]]></commentInRDBMS>
<generatorID>DF85BA64-FA24-C80B-F3E7-442A2AB899AF</generatorID>
<ownerDesignName>book_db</ownerDesignName>
<nullsAllowed>true</nullsAllowed>
<useDomainConstraints>false</useDomainConstraints>
<use>1</use>
<logicalDatatype>LOGDT024</logicalDatatype>
<dataTypeSize>30</dataTypeSize>
<ownDataTypeParameters>30,,</ownDataTypeParameters>
<autoIncrementCycle>false</autoIncrementCycle>
</Column>
<Column name="BBK" id="569110BC-8BAD-A2DB-0BCE-83B1E0DC5188">
<createdBy>Крот</createdBy>
<createdTime>2022-06-07 17:28:17 UTC</createdTime>
<commentInRDBMS><![CDATA[Код ББК]]></commentInRDBMS>
<generatorID>317CD626-EF02-28B4-769F-4F62C6CD5F39</generatorID>
<ownerDesignName>book_db</ownerDesignName>
<nullsAllowed>true</nullsAllowed>
<useDomainConstraints>false</useDomainConstraints>
<use>1</use>
<logicalDatatype>LOGDT024</logicalDatatype>
<dataTypeSize>30</dataTypeSize>
<ownDataTypeParameters>30,,</ownDataTypeParameters>
<autoIncrementCycle>false</autoIncrementCycle>
</Column>
<Column name="PUBLISH_YEAR" id="F274430D-C5AE-A266-BB77-C5258CED80A4">
<createdBy>Крот</createdBy>
<createdTime>2022-06-07 17:28:17 UTC</createdTime>
<commentInRDBMS><![CDATA[Год издания]]></commentInRDBMS>
<generatorID>CEA86432-2024-136D-C737-0CE4884AC0D0</generatorID>
<ownerDesignName>book_db</ownerDesignName>
<nullsAllowed>true</nullsAllowed>
<useDomainConstraints>false</useDomainConstraints>
<use>1</use>
<logicalDatatype>LOGDT019</logicalDatatype>
<ownDataTypeParameters>,,</ownDataTypeParameters>
<autoIncrementCycle>false</autoIncrementCycle>
</Column>
<Column name="PAGES_COUNT" id="B1C5B9F5-E043-A8BD-E613-0FC0A5CEC8F9">
<createdBy>Крот</createdBy>
<createdTime>2022-06-07 17:28:17 UTC</createdTime>
<commentInRDBMS><![CDATA[Количество страниц]]></commentInRDBMS>
<generatorID>00F1B1D6-D3A1-2DB0-FA26-7E0645389392</generatorID>
<ownerDesignName>book_db</ownerDesignName>
<nullsAllowed>true</nullsAllowed>
<useDomainConstraints>false</useDomainConstraints>
<use>1</use>
<logicalDatatype>LOGDT019</logicalDatatype>
<ownDataTypeParameters>,,</ownDataTypeParameters>
<autoIncrementCycle>false</autoIncrementCycle>
</Column>
<Column name="CIRCULATION" id="E32DA34E-E908-1E0A-B240-FBEB2A4541D5">
<createdBy>Крот</createdBy>
<createdTime>2022-06-07 17:28:17 UTC</createdTime>
<commentInRDBMS><![CDATA[Тираж]]></commentInRDBMS>
<generatorID>43F4C39F-C3F4-D149-F001-0C18E4599F8E</generatorID>
<ownerDesignName>book_db</ownerDesignName>
<nullsAllowed>true</nullsAllowed>
<useDomainConstraints>false</useDomainConstraints>
<use>1</use>
<logicalDatatype>LOGDT019</logicalDatatype>
<ownDataTypeParameters>,,</ownDataTypeParameters>
<autoIncrementCycle>false</autoIncrementCycle>
</Column>
<Column name="ANNOTATION" id="D2B95A3D-38B0-8BB0-9C80-B22DB85EFB97">
<createdBy>Крот</createdBy>
<createdTime>2022-06-09 17:08:22 UTC</createdTime>
<commentInRDBMS><![CDATA[Аннотация]]></commentInRDBMS>
<ownerDesignName>book_db</ownerDesignName>
<nullsAllowed>true</nullsAllowed>
<useDomainConstraints>false</useDomainConstraints>
<use>1</use>
<logicalDatatype>LOGDT028</logicalDatatype>
<ownDataTypeParameters>,,</ownDataTypeParameters>
<autoIncrementCycle>false</autoIncrementCycle>
</Column>
<Column name="READER_TYPE_ID" id="629B91EC-5B04-8114-6444-7F42458D6C49">
<createdBy>Крот</createdBy>
<createdTime>2022-06-09 17:13:49 UTC</createdTime>
<commentInRDBMS><![CDATA[ИД типа аудитории по возрасту]]></commentInRDBMS>
<ownerDesignName>book_db</ownerDesignName>
<useDomainConstraints>false</useDomainConstraints>
<use>1</use>
<logicalDatatype>LOGDT019</logicalDatatype>
<ownDataTypeParameters>,,</ownDataTypeParameters>
<previousColumn>false</previousColumn>
<autoIncrementCycle>false</autoIncrementCycle>
<associations>
<colAssociation fkAssociation="120C61C2-97E4-D638-8A34-F75F454AFB7F" referredColumn="AEB65706-75DB-49AF-76C7-43FFDAC84F4D"/>
</associations>
</Column>
<Column name="BOOK_FORMAT_ID" id="4E09B662-49FC-76B2-6B74-B9FE8BEDDA32">
<createdBy>Крот</createdBy>
<createdTime>2022-06-14 06:47:03 UTC</createdTime>
<commentInRDBMS><![CDATA[ИД формата]]></commentInRDBMS>
<ownerDesignName>book_db</ownerDesignName>
<useDomainConstraints>false</useDomainConstraints>
<use>1</use>
<logicalDatatype>LOGDT019</logicalDatatype>
<ownDataTypeParameters>,,</ownDataTypeParameters>
<previousColumn>false</previousColumn>
<autoIncrementCycle>false</autoIncrementCycle>
<associations>
<colAssociation fkAssociation="8265FAFA-276B-EEBC-57CE-48020407E1F7" referredColumn="EAB70E25-0F44-72E2-7DC7-8FAC238CC966"/>
</associations>
</Column>
<Column name="PICTURES" id="C2E8D969-56BE-8C7E-54EE-5AE7A1B15593">
<createdBy>Крот</createdBy>
<createdTime>2022-06-14 16:07:12 UTC</createdTime>
<commentInRDBMS><![CDATA[Наличие иллюстраций (1 - есть иллюстрации, NULL - нет иллюстраций)]]></commentInRDBMS>
<ownerDesignName>book_db</ownerDesignName>
<nullsAllowed>true</nullsAllowed>
<useDomainConstraints>false</useDomainConstraints>
<use>1</use>
<logicalDatatype>LOGDT019</logicalDatatype>
<ownDataTypeParameters>,,</ownDataTypeParameters>
<autoIncrementCycle>false</autoIncrementCycle>
</Column>
<Column name="SIGNED" id="685A2A56-41F2-CE07-0B9C-0B816A940A77">
<createdBy>Крот</createdBy>
<createdTime>2022-06-14 16:09:28 UTC</createdTime>
<commentInRDBMS><![CDATA[Подписано в печать]]></commentInRDBMS>
<ownerDesignName>book_db</ownerDesignName>
<nullsAllowed>true</nullsAllowed>
<useDomainConstraints>false</useDomainConstraints>
<use>1</use>
<logicalDatatype>LOGDT008</logicalDatatype>
<ownDataTypeParameters>,,</ownDataTypeParameters>
<autoIncrementCycle>false</autoIncrementCycle>
</Column>
<Column name="SHEETES" id="CE6ADE68-93AD-ED3B-D251-A3AC6E193F9A">
<createdBy>Крот</createdBy>
<createdTime>2022-06-14 16:11:33 UTC</createdTime>
<commentInRDBMS><![CDATA[Количество условных печатных листов]]></commentInRDBMS>
<ownerDesignName>book_db</ownerDesignName>
<nullsAllowed>true</nullsAllowed>
<useDomainConstraints>false</useDomainConstraints>
<use>1</use>
<logicalDatatype>LOGDT019</logicalDatatype>
<ownDataTypeParameters>,,</ownDataTypeParameters>
<autoIncrementCycle>false</autoIncrementCycle>
</Column>
<Column name="ORDER_NUM" id="93ED9F6F-E368-37CE-7619-BEA62F7846DD">
<createdBy>Крот</createdBy>
<createdTime>2022-06-14 16:12:47 UTC</createdTime>
<commentInRDBMS><![CDATA[Номер заказа]]></commentInRDBMS>
<ownerDesignName>book_db</ownerDesignName>
<nullsAllowed>true</nullsAllowed>
<useDomainConstraints>false</useDomainConstraints>
<use>1</use>
<logicalDatatype>LOGDT024</logicalDatatype>
<dataTypeSize>50</dataTypeSize>
<ownDataTypeParameters>50,,</ownDataTypeParameters>
<autoIncrementCycle>false</autoIncrementCycle>
</Column>
<Column name="COVER_TYPE_ID" id="E451D261-7592-837F-9DD4-6C4C9372A809">
<createdBy>Крот</createdBy>
<createdTime>2022-06-14 16:19:19 UTC</createdTime>
<commentInRDBMS><![CDATA[ИД типа обложки]]></commentInRDBMS>
<ownerDesignName>book_db</ownerDesignName>
<useDomainConstraints>false</useDomainConstraints>
<use>1</use>
<logicalDatatype>LOGDT019</logicalDatatype>
<ownDataTypeParameters>,,</ownDataTypeParameters>
<previousColumn>false</previousColumn>
<autoIncrementCycle>false</autoIncrementCycle>
<associations>
<colAssociation fkAssociation="2E9501FC-83D0-B5EA-FD6F-CCF63AE90C3E" referredColumn="0C6D233F-F5D1-AA77-C0C1-906BEDF01A2C"/>
</associations>
</Column>
<Column name="BOOK_TYPE_ID" id="BEEC3663-D2ED-8878-F779-FF14872F4239">
<createdBy>Крот</createdBy>
<createdTime>2022-06-14 16:33:49 UTC</createdTime>
<commentInRDBMS><![CDATA[ИД типа издания]]></commentInRDBMS>
<ownerDesignName>book_db</ownerDesignName>
<useDomainConstraints>false</useDomainConstraints>
<use>1</use>
<logicalDatatype>LOGDT019</logicalDatatype>
<ownDataTypeParameters>,,</ownDataTypeParameters>
<previousColumn>false</previousColumn>
<autoIncrementCycle>false</autoIncrementCycle>
<associations>
<colAssociation fkAssociation="7F9AD21A-E381-253F-F5A3-5CE03D9E0890" referredColumn="F000B070-9770-9291-1252-5323773694C9"/>
</associations>
</Column>
<Column name="COMMENTS" id="DB296F9B-0BB1-CC1B-6CEC-B8D463FF3588">
<createdBy>Крот</createdBy>
<createdTime>2022-06-14 16:47:26 UTC</createdTime>
<commentInRDBMS><![CDATA[Комментарии]]></commentInRDBMS>
<ownerDesignName>book_db</ownerDesignName>
<nullsAllowed>true</nullsAllowed>
<useDomainConstraints>false</useDomainConstraints>
<use>1</use>
<logicalDatatype>LOGDT024</logicalDatatype>
<dataTypeSize>4000</dataTypeSize>
<ownDataTypeParameters>4000,,</ownDataTypeParameters>
<autoIncrementCycle>false</autoIncrementCycle>
</Column>
<Column name="COVER_FILE_NAME" id="2EF4BA24-78C6-2492-660B-2FF932A34030">
<createdBy>Крот</createdBy>
<createdTime>2022-07-11 10:14:26 UTC</createdTime>
<commentInRDBMS><![CDATA[Наименование файла с обложкой книги]]></commentInRDBMS>
<ownerDesignName>book_db</ownerDesignName>
<nullsAllowed>true</nullsAllowed>
<useDomainConstraints>false</useDomainConstraints>
<use>1</use>
<logicalDatatype>LOGDT024</logicalDatatype>
<dataTypeSize>500</dataTypeSize>
<ownDataTypeParameters>500,,</ownDataTypeParameters>
<autoIncrementCycle>false</autoIncrementCycle>
</Column>
<Column name="LANGUAGE_ID" id="C7F14DC8-9032-95BB-5954-9035966BDB5A">
<createdBy>Крот</createdBy>
<createdTime>2022-07-11 10:15:20 UTC</createdTime>
<commentInRDBMS><![CDATA[ИД языка издания]]></commentInRDBMS>
<ownerDesignName>book_db</ownerDesignName>
<useDomainConstraints>false</useDomainConstraints>
<use>1</use>
<logicalDatatype>LOGDT019</logicalDatatype>
<ownDataTypeParameters>,,</ownDataTypeParameters>
<previousColumn>false</previousColumn>
<autoIncrementCycle>false</autoIncrementCycle>
<associations>
<colAssociation fkAssociation="FC167232-E1C3-F42A-B0B5-971AF7A1E083" referredColumn="60B22A17-62F5-CC8C-2D60-11AF0D86FC3A"/>
</associations>
</Column>
</columns>
<indexes itemClass="oracle.dbtools.crest.model.design.relational.Index">
<ind_PK_UK id="1AE03D73-70F6-C125-38D4-970783B0711F" name="BOOK_PK">
<createdBy>Крот</createdBy>
<createdTime>2022-06-07 17:28:17 UTC</createdTime>
<generatorID>ADD23150-19A6-AA55-20EC-4BD594CBF40C</generatorID>
<ownerDesignName>book_db</ownerDesignName>
<pk>true</pk>
<indexState>Primary Constraint</indexState>
<isSurrogateKey>false</isSurrogateKey>
<indexColumnUsage>
<colUsage columnID="5F31CF76-C3ED-F171-91A6-8EF224B82957"/>
</indexColumnUsage>
</ind_PK_UK>
<ind_PK_UK id="74F86564-BDA2-DC62-A3E1-79743F30914F" name="BOOK_ISBN_UN">
<createdBy>Крот</createdBy>
<createdTime>2022-06-09 18:04:25 UTC</createdTime>
<ownerDesignName>book_db</ownerDesignName>
<indexState>Unique Constraint</indexState>
<isSurrogateKey>false</isSurrogateKey>
<indexColumnUsage>
<colUsage columnID="990B61CC-B982-D987-2BF6-ED02E4980014"/>
</indexColumnUsage>
</ind_PK_UK>
<ind_PK_UK id="07E6DF5B-6176-8B25-C632-D2189CC57B19" name="BOOK__IDX">
<createdBy>Крот</createdBy>
<createdTime>2022-07-07 14:13:11 UTC</createdTime>
<ownerDesignName>book_db</ownerDesignName>
<isSurrogateKey>false</isSurrogateKey>
<indexColumnUsage>
<colUsage columnID="A0053CF9-2FBA-1FFD-6035-1DD9AE8303F2"/>
</indexColumnUsage>
</ind_PK_UK>
<ind_PK_UK id="1C293369-6942-9269-FD59-5164EA210C70" name="BOOK_READER_TYPE_FK">
<createdBy>Крот</createdBy>
<createdTime>2022-06-09 17:13:49 UTC</createdTime>
<ownerDesignName>book_db</ownerDesignName>
<indexState>Foreign Key</indexState>
<isSurrogateKey>false</isSurrogateKey>
<indexColumnUsage>
<colUsage columnID="629B91EC-5B04-8114-6444-7F42458D6C49"/>
</indexColumnUsage>
</ind_PK_UK>
<ind_PK_UK id="C45091DD-B933-A2C2-FCDC-FA9246092D1C" name="BOOK_FORMAT_BOOK_FK">
<createdBy>Крот</createdBy>
<createdTime>2022-06-14 06:47:03 UTC</createdTime>
<ownerDesignName>book_db</ownerDesignName>
<indexState>Foreign Key</indexState>
<isSurrogateKey>false</isSurrogateKey>
<indexColumnUsage>
<colUsage columnID="4E09B662-49FC-76B2-6B74-B9FE8BEDDA32"/>
</indexColumnUsage>
</ind_PK_UK>
<ind_PK_UK id="83A0F3C2-3E6A-5FD9-843E-120D1B0FFA65" name="COVER_TYPE_BOOK_FK">
<createdBy>Крот</createdBy>
<createdTime>2022-06-14 16:19:19 UTC</createdTime>
<ownerDesignName>book_db</ownerDesignName>
<indexState>Foreign Key</indexState>
<isSurrogateKey>false</isSurrogateKey>
<indexColumnUsage>
<colUsage columnID="E451D261-7592-837F-9DD4-6C4C9372A809"/>
</indexColumnUsage>
</ind_PK_UK>
<ind_PK_UK id="5F9CC2B9-3DC8-4296-ABCD-067D131638F6" name="BOOK_BOOK_TYPE_FK">
<createdBy>Крот</createdBy>
<createdTime>2022-06-14 16:33:49 UTC</createdTime>
<ownerDesignName>book_db</ownerDesignName>
<indexState>Foreign Key</indexState>
<isSurrogateKey>false</isSurrogateKey>
<indexColumnUsage>
<colUsage columnID="BEEC3663-D2ED-8878-F779-FF14872F4239"/>
</indexColumnUsage>
</ind_PK_UK>
<ind_PK_UK id="77A14047-9B49-F044-8267-4342FFB5A47A" name="BOOK_LANGUAGE_FK">
<createdBy>Крот</createdBy>
<createdTime>2022-07-11 10:15:20 UTC</createdTime>
<ownerDesignName>book_db</ownerDesignName>
<indexState>Foreign Key</indexState>
<isSurrogateKey>false</isSurrogateKey>
<indexColumnUsage>
<colUsage columnID="C7F14DC8-9032-95BB-5954-9035966BDB5A"/>
</indexColumnUsage>
</ind_PK_UK>
</indexes>
</Table>