<?xml version = '1.0' encoding = 'UTF-8'?>
<Table class="oracle.dbtools.crest.model.design.relational.Table" directorySegmentName="seg_0" id="BFD48B02-F7F0-2F61-0B17-8C44B29E9582" name="PAPER_TYPE">
<createdBy>Крот</createdBy>
<createdTime>2022-06-16 16:19:16 UTC</createdTime>
<commentInRDBMS><![CDATA[Тип бумаги]]></commentInRDBMS>
<generatorID>F19A9D3C-57B8-E73A-15CB-5599FB1A40A5</generatorID>
<ownerDesignName>book_db</ownerDesignName>
<ordsAlias>genre_name</ordsAlias>
<allowColumnReorder>false</allowColumnReorder>
<existDependencyGenerateInDDl>true</existDependencyGenerateInDDl>
<parsed>true</parsed>
<columns itemClass="oracle.dbtools.crest.model.design.relational.Column">
<Column name="ID" id="BDDBF5F0-C7B7-E406-E0CD-BB4B394B38D6">
<createdBy>Крот</createdBy>
<createdTime>2022-06-16 16:19:16 UTC</createdTime>
<commentInRDBMS><![CDATA[ИД записи]]></commentInRDBMS>
<generatorID>D8D6F0B5-FD82-AB41-ED53-808762930AFB</generatorID>
<ownerDesignName>book_db</ownerDesignName>
<useDomainConstraints>false</useDomainConstraints>
<use>1</use>
<logicalDatatype>LOGDT019</logicalDatatype>
<ownDataTypeParameters>,,</ownDataTypeParameters>
<autoIncrementCycle>false</autoIncrementCycle>
</Column>
<Column name="PAPER_NAME" id="8602047D-676A-C1EB-C080-68C31BD88460">
<createdBy>Крот</createdBy>
<createdTime>2022-06-16 16:19:16 UTC</createdTime>
<commentInRDBMS><![CDATA[Тип бумаги]]></commentInRDBMS>
<generatorID>C7143D9D-B2D9-FB08-4F52-4591EBBEB21C</generatorID>
<ownerDesignName>book_db</ownerDesignName>
<nullsAllowed>true</nullsAllowed>
<useDomainConstraints>false</useDomainConstraints>
<use>1</use>
<logicalDatatype>LOGDT024</logicalDatatype>
<dataTypeSize>100</dataTypeSize>
<ownDataTypeParameters>100,,</ownDataTypeParameters>
<autoIncrementCycle>false</autoIncrementCycle>
</Column>
</columns>
<indexes itemClass="oracle.dbtools.crest.model.design.relational.Index">
<ind_PK_UK id="82C86832-B8AF-2486-8898-7820A0D651B6" name="PAPER_TYPE_PK">
<createdBy>Крот</createdBy>
<createdTime>2022-06-16 16:19:17 UTC</createdTime>
<generatorID>022D60AC-BCBE-50C9-1658-63F671A2518B</generatorID>
<ownerDesignName>book_db</ownerDesignName>
<pk>true</pk>
<indexState>Primary Constraint</indexState>
<isSurrogateKey>false</isSurrogateKey>
<indexColumnUsage>
<colUsage columnID="BDDBF5F0-C7B7-E406-E0CD-BB4B394B38D6"/>
</indexColumnUsage>
</ind_PK_UK>
<ind_PK_UK id="01EDC71E-5AEA-1861-5F93-9E69D8EF9463" name="GENREv1_GENRE_NAME_UN">
<createdBy>Крот</createdBy>
<createdTime>2022-06-16 16:19:17 UTC</createdTime>
<ownerDesignName>book_db</ownerDesignName>
<indexState>Unique Constraint</indexState>
<isSurrogateKey>false</isSurrogateKey>
<indexColumnUsage>
<colUsage columnID="8602047D-676A-C1EB-C080-68C31BD88460"/>
</indexColumnUsage>
</ind_PK_UK>
</indexes>
</Table>