<?xml version = '1.0' encoding = 'UTF-8'?>
<Table class="oracle.dbtools.crest.model.design.relational.Table" directorySegmentName="seg_0" id="D29F47D4-13E2-C720-51B0-AA77D35A41FC" name="BOOK_BOOK_GROUP">
<createdBy>Крот</createdBy>
<createdTime>2022-06-14 16:27:56 UTC</createdTime>
<ownerDesignName>book_db</ownerDesignName>
<ordsAlias>table_19</ordsAlias>
<allowColumnReorder>false</allowColumnReorder>
<existDependencyGenerateInDDl>true</existDependencyGenerateInDDl>
<parsed>true</parsed>
<columns itemClass="oracle.dbtools.crest.model.design.relational.Column">
<Column name="ID" id="126B0E1A-F61D-264D-2001-6A879BA94803">
<createdBy>Крот</createdBy>
<createdTime>2022-06-14 16:28:35 UTC</createdTime>
<commentInRDBMS><![CDATA[ИД записи]]></commentInRDBMS>
<ownerDesignName>book_db</ownerDesignName>
<useDomainConstraints>false</useDomainConstraints>
<use>1</use>
<logicalDatatype>LOGDT019</logicalDatatype>
<ownDataTypeParameters>,,</ownDataTypeParameters>
<autoIncrementCycle>false</autoIncrementCycle>
</Column>
<Column name="BOOK_ID" id="2688023A-ED4C-09A3-645B-D72981E6D238">
<createdBy>Крот</createdBy>
<createdTime>2022-06-14 16:28:47 UTC</createdTime>
<ownerDesignName>book_db</ownerDesignName>
<useDomainConstraints>false</useDomainConstraints>
<use>1</use>
<logicalDatatype>LOGDT019</logicalDatatype>
<ownDataTypeParameters>,,</ownDataTypeParameters>
<previousColumn>false</previousColumn>
<autoIncrementCycle>false</autoIncrementCycle>
<associations>
<colAssociation fkAssociation="03E08B71-B206-D1E6-FC5D-85552085DAC8" referredColumn="5F31CF76-C3ED-F171-91A6-8EF224B82957"/>
</associations>
</Column>
<Column name="BOOK_GROUP_ID" id="242C906E-B91F-820F-3685-2C472064A5EE">
<createdBy>Крот</createdBy>
<createdTime>2022-06-14 16:29:16 UTC</createdTime>
<ownerDesignName>book_db</ownerDesignName>
<useDomainConstraints>false</useDomainConstraints>
<use>1</use>
<logicalDatatype>LOGDT019</logicalDatatype>
<ownDataTypeParameters>,,</ownDataTypeParameters>
<previousColumn>false</previousColumn>
<autoIncrementCycle>false</autoIncrementCycle>
<associations>
<colAssociation fkAssociation="4159149E-8AD3-13F7-7E4F-11CCF64F32CE" referredColumn="06FCE8E3-5B91-B57E-6BC4-14DE1C0474B8"/>
</associations>
</Column>
</columns>
<indexes itemClass="oracle.dbtools.crest.model.design.relational.Index">
<ind_PK_UK id="6E9C3E10-CDB6-26B8-B42E-D236F676E133" name="BOOK_BOOK_GROUP_PK">
<createdBy>Крот</createdBy>
<createdTime>2022-06-14 16:28:35 UTC</createdTime>
<ownerDesignName>book_db</ownerDesignName>
<pk>true</pk>
<indexState>Primary Constraint</indexState>
<isSurrogateKey>false</isSurrogateKey>
<indexColumnUsage>
<colUsage columnID="126B0E1A-F61D-264D-2001-6A879BA94803"/>
</indexColumnUsage>
</ind_PK_UK>
<ind_PK_UK id="9BE0DB41-88A7-B73D-03EC-25926CD4134C" name="BOOK_BOOK_GROUP_UN">
<createdBy>Крот</createdBy>
<createdTime>2022-06-14 16:30:07 UTC</createdTime>
<ownerDesignName>book_db</ownerDesignName>
<indexState>Unique Constraint</indexState>
<isSurrogateKey>false</isSurrogateKey>
<indexColumnUsage>
<colUsage columnID="2688023A-ED4C-09A3-645B-D72981E6D238"/>
<colUsage columnID="242C906E-B91F-820F-3685-2C472064A5EE"/>
</indexColumnUsage>
</ind_PK_UK>
<ind_PK_UK id="36433529-D078-F810-2FC5-96F970E08AE8" name="BOOK_BOOK_GROUP_FK">
<createdBy>Крот</createdBy>
<createdTime>2022-06-14 16:28:47 UTC</createdTime>
<generatorID>ADD23150-19A6-AA55-20EC-4BD594CBF40C</generatorID>
<ownerDesignName>book_db</ownerDesignName>
<indexState>Foreign Key</indexState>
<isSurrogateKey>false</isSurrogateKey>
<indexColumnUsage>
<colUsage columnID="2688023A-ED4C-09A3-645B-D72981E6D238"/>
</indexColumnUsage>
</ind_PK_UK>
<ind_PK_UK id="46E3C64D-D5F9-A1E3-6A9B-5914A9DE82AE" name="BOOK_BOOK_BOOK_GROUP_FK">
<createdBy>Крот</createdBy>
<createdTime>2022-06-14 16:29:16 UTC</createdTime>
<ownerDesignName>book_db</ownerDesignName>
<indexState>Foreign Key</indexState>
<isSurrogateKey>false</isSurrogateKey>
<indexColumnUsage>
<colUsage columnID="242C906E-B91F-820F-3685-2C472064A5EE"/>
</indexColumnUsage>
</ind_PK_UK>
</indexes>
</Table>