<?xml version = '1.0' encoding = 'UTF-8'?>
<Table class="oracle.dbtools.crest.model.design.relational.Table" directorySegmentName="seg_0" id="D555B108-016B-F323-F76A-4F16BAA1A09F" name="PRINT_TYPE">
<createdBy>Крот</createdBy>
<createdTime>2022-06-09 16:49:53 UTC</createdTime>
<commentInRDBMS><![CDATA[Тип печати]]></commentInRDBMS>
<ownerDesignName>book_db</ownerDesignName>
<ordsAlias>table_7</ordsAlias>
<allowColumnReorder>false</allowColumnReorder>
<existDependencyGenerateInDDl>true</existDependencyGenerateInDDl>
<parsed>true</parsed>
<columns itemClass="oracle.dbtools.crest.model.design.relational.Column">
<Column name="ID" id="B68D6DDF-5FE9-4C04-F93F-1216436DFF26">
<createdBy>Крот</createdBy>
<createdTime>2022-06-09 16:49:53 UTC</createdTime>
<commentInRDBMS><![CDATA[ИД записи]]></commentInRDBMS>
<generatorID>F4E748BA-9189-E0E3-3377-6D9C1EC11591</generatorID>
<ownerDesignName>book_db</ownerDesignName>
<useDomainConstraints>false</useDomainConstraints>
<use>1</use>
<logicalDatatype>LOGDT019</logicalDatatype>
<ownDataTypeParameters>,,</ownDataTypeParameters>
<autoIncrementCycle>false</autoIncrementCycle>
</Column>
<Column name="TYPE_NAME" id="BB38AA61-E231-DD0D-F106-B42C1D6CBEAA">
<createdBy>Крот</createdBy>
<createdTime>2022-06-09 16:49:53 UTC</createdTime>
<commentInRDBMS><![CDATA[Наименование типа]]></commentInRDBMS>
<generatorID>B5225C74-8681-726C-A183-C3A682043205</generatorID>
<ownerDesignName>book_db</ownerDesignName>
<nullsAllowed>true</nullsAllowed>
<useDomainConstraints>false</useDomainConstraints>
<use>1</use>
<logicalDatatype>LOGDT024</logicalDatatype>
<dataTypeSize>50</dataTypeSize>
<ownDataTypeParameters>50,,</ownDataTypeParameters>
<autoIncrementCycle>false</autoIncrementCycle>
</Column>
</columns>
<indexes itemClass="oracle.dbtools.crest.model.design.relational.Index">
<ind_PK_UK id="5CF78FAE-38B3-87B1-A590-DBC41DB4AC7A" name="PRINT_TYPE_PK">
<createdBy>Крот</createdBy>
<createdTime>2022-06-09 16:49:53 UTC</createdTime>
<ownerDesignName>book_db</ownerDesignName>
<pk>true</pk>
<indexState>Primary Constraint</indexState>
<isSurrogateKey>false</isSurrogateKey>
<indexColumnUsage>
<colUsage columnID="B68D6DDF-5FE9-4C04-F93F-1216436DFF26"/>
</indexColumnUsage>
</ind_PK_UK>
<ind_PK_UK id="A1BAA05D-5FBD-5803-3690-306FB6474B1E" name="PRINT_TYPE_UN">
<createdBy>Крот</createdBy>
<createdTime>2022-06-09 18:06:04 UTC</createdTime>
<ownerDesignName>book_db</ownerDesignName>
<indexState>Unique Constraint</indexState>
<isSurrogateKey>false</isSurrogateKey>
<indexColumnUsage>
<colUsage columnID="BB38AA61-E231-DD0D-F106-B42C1D6CBEAA"/>
</indexColumnUsage>
</ind_PK_UK>
</indexes>
</Table>