<?xml version = '1.0' encoding = 'UTF-8'?>
<Table class="oracle.dbtools.crest.model.design.relational.Table" directorySegmentName="seg_0" id="D7F228F5-4DBC-BB88-09C7-349506379C40" name="AUTHOR_ROLE">
<createdBy>Крот</createdBy>
<createdTime>2022-07-11 10:01:50 UTC</createdTime>
<ownerDesignName>book_db</ownerDesignName>
<ordsAlias>table_28</ordsAlias>
<allowColumnReorder>false</allowColumnReorder>
<existDependencyGenerateInDDl>true</existDependencyGenerateInDDl>
<parsed>true</parsed>
<columns itemClass="oracle.dbtools.crest.model.design.relational.Column">
<Column name="ID" id="A5BC5294-905F-86AD-8EE2-D6D9EDE7501D">
<createdBy>Крот</createdBy>
<createdTime>2022-07-11 10:02:24 UTC</createdTime>
<commentInRDBMS><![CDATA[ИД записи]]></commentInRDBMS>
<ownerDesignName>book_db</ownerDesignName>
<useDomainConstraints>false</useDomainConstraints>
<use>1</use>
<logicalDatatype>LOGDT019</logicalDatatype>
<ownDataTypeParameters>,,</ownDataTypeParameters>
<autoIncrementCycle>false</autoIncrementCycle>
</Column>
<Column name="AUTHOR_ROLE_NAME" id="CFBDC70E-3B44-8502-BC4A-5FC976C73AA9">
<createdBy>Крот</createdBy>
<createdTime>2022-07-11 10:02:24 UTC</createdTime>
<commentInRDBMS><![CDATA[Наименование роли]]></commentInRDBMS>
<ownerDesignName>book_db</ownerDesignName>
<nullsAllowed>true</nullsAllowed>
<useDomainConstraints>false</useDomainConstraints>
<use>1</use>
<logicalDatatype>LOGDT024</logicalDatatype>
<dataTypeSize>50</dataTypeSize>
<ownDataTypeParameters>50,,</ownDataTypeParameters>
<autoIncrementCycle>false</autoIncrementCycle>
</Column>
</columns>
<indexes itemClass="oracle.dbtools.crest.model.design.relational.Index">
<ind_PK_UK id="6C623DC7-1D75-736B-9711-6D25B943D874" name="AUTHOR_ROLE_PK">
<createdBy>Крот</createdBy>
<createdTime>2022-07-11 10:02:24 UTC</createdTime>
<ownerDesignName>book_db</ownerDesignName>
<pk>true</pk>
<indexState>Primary Constraint</indexState>
<isSurrogateKey>false</isSurrogateKey>
<indexColumnUsage>
<colUsage columnID="A5BC5294-905F-86AD-8EE2-D6D9EDE7501D"/>
</indexColumnUsage>
</ind_PK_UK>
</indexes>
</Table>