<?xml version = '1.0' encoding = 'UTF-8'?>
<Table class="oracle.dbtools.crest.model.design.relational.Table" directorySegmentName="seg_0" id="E275FE16-34AB-48EA-01E0-F7C2D8FD85C8" name="NOVEL">
<createdBy>Крот</createdBy>
<createdTime>2022-07-11 09:48:33 UTC</createdTime>
<ownerDesignName>book_db</ownerDesignName>
<ordsAlias>table_23</ordsAlias>
<allowColumnReorder>false</allowColumnReorder>
<existDependencyGenerateInDDl>true</existDependencyGenerateInDDl>
<parsed>true</parsed>
<columns itemClass="oracle.dbtools.crest.model.design.relational.Column">
<Column name="ID" id="7464DE92-BC01-63BE-1EBE-723246153A0E">
<createdBy>Крот</createdBy>
<createdTime>2022-07-11 09:49:29 UTC</createdTime>
<commentInRDBMS><![CDATA[ИД записи]]></commentInRDBMS>
<ownerDesignName>book_db</ownerDesignName>
<useDomainConstraints>false</useDomainConstraints>
<use>1</use>
<logicalDatatype>LOGDT019</logicalDatatype>
<ownDataTypeParameters>,,</ownDataTypeParameters>
<autoIncrementCycle>false</autoIncrementCycle>
</Column>
<Column name="NOVEL_NAME" id="568ABF63-5646-6322-4C04-293D670CD6A2">
<createdBy>Крот</createdBy>
<createdTime>2022-07-11 09:50:04 UTC</createdTime>
<commentInRDBMS><![CDATA[Название произведения]]></commentInRDBMS>
<ownerDesignName>book_db</ownerDesignName>
<nullsAllowed>true</nullsAllowed>
<useDomainConstraints>false</useDomainConstraints>
<use>1</use>
<logicalDatatype>LOGDT024</logicalDatatype>
<dataTypeSize>1000</dataTypeSize>
<ownDataTypeParameters>1000,,</ownDataTypeParameters>
<autoIncrementCycle>false</autoIncrementCycle>
</Column>
<Column name="NOVEL_YEAR" id="EF33B176-57A9-E1D1-241D-DDFA291BD14D">
<createdBy>Крот</createdBy>
<createdTime>2022-07-11 10:46:24 UTC</createdTime>
<commentInRDBMS><![CDATA[Год создания (завершения) произведения]]></commentInRDBMS>
<ownerDesignName>book_db</ownerDesignName>
<nullsAllowed>true</nullsAllowed>
<useDomainConstraints>false</useDomainConstraints>
<use>1</use>
<logicalDatatype>LOGDT019</logicalDatatype>
<ownDataTypeParameters>,,</ownDataTypeParameters>
<autoIncrementCycle>false</autoIncrementCycle>
</Column>
</columns>
<indexes itemClass="oracle.dbtools.crest.model.design.relational.Index">
<ind_PK_UK id="C6E58BFA-7CE0-66F0-58DF-DF4FC803A84E" name="NOVEL_PK">
<createdBy>Крот</createdBy>
<createdTime>2022-07-11 09:49:29 UTC</createdTime>
<ownerDesignName>book_db</ownerDesignName>
<pk>true</pk>
<indexState>Primary Constraint</indexState>
<isSurrogateKey>false</isSurrogateKey>
<indexColumnUsage>
<colUsage columnID="7464DE92-BC01-63BE-1EBE-723246153A0E"/>
</indexColumnUsage>
</ind_PK_UK>
</indexes>
</Table>