<?xml version = '1.0' encoding = 'UTF-8'?>
<Table class="oracle.dbtools.crest.model.design.relational.Table" directorySegmentName="seg_0" id="E2C0ED9C-2415-0F64-C45F-78A88D367C7C" name="BOOK_TYPE">
<createdBy>Крот</createdBy>
<createdTime>2022-06-14 16:32:03 UTC</createdTime>
<commentInRDBMS><![CDATA[Справочник типов изданий (литературное, научное и т.п.)]]></commentInRDBMS>
<ownerDesignName>book_db</ownerDesignName>
<ordsAlias>table_14</ordsAlias>
<allowColumnReorder>false</allowColumnReorder>
<existDependencyGenerateInDDl>true</existDependencyGenerateInDDl>
<parsed>true</parsed>
<columns itemClass="oracle.dbtools.crest.model.design.relational.Column">
<Column name="ID" id="F000B070-9770-9291-1252-5323773694C9">
<createdBy>Крот</createdBy>
<createdTime>2022-06-14 16:32:03 UTC</createdTime>
<commentInRDBMS><![CDATA[ИД записи]]></commentInRDBMS>
<ownerDesignName>book_db</ownerDesignName>
<useDomainConstraints>false</useDomainConstraints>
<use>1</use>
<logicalDatatype>LOGDT019</logicalDatatype>
<ownDataTypeParameters>,,</ownDataTypeParameters>
<autoIncrementCycle>false</autoIncrementCycle>
</Column>
<Column name="BOOK_TYPE_NAME" id="B6E93CE0-B3CD-67DE-1F10-C5E24AD3B5C0">
<createdBy>Крот</createdBy>
<createdTime>2022-06-14 16:32:03 UTC</createdTime>
<commentInRDBMS><![CDATA[Наименование роли]]></commentInRDBMS>
<ownerDesignName>book_db</ownerDesignName>
<nullsAllowed>true</nullsAllowed>
<useDomainConstraints>false</useDomainConstraints>
<use>1</use>
<logicalDatatype>LOGDT024</logicalDatatype>
<dataTypeSize>50</dataTypeSize>
<ownDataTypeParameters>50,,</ownDataTypeParameters>
<autoIncrementCycle>false</autoIncrementCycle>
</Column>
</columns>
<indexes itemClass="oracle.dbtools.crest.model.design.relational.Index">
<ind_PK_UK id="01B1D688-3B7E-9299-7B69-7B17C7CC2813" name="BOOK_TYPE_NAME_PK">
<createdBy>Крот</createdBy>
<createdTime>2022-06-14 16:32:03 UTC</createdTime>
<ownerDesignName>book_db</ownerDesignName>
<pk>true</pk>
<indexState>Primary Constraint</indexState>
<isSurrogateKey>false</isSurrogateKey>
<indexColumnUsage>
<colUsage columnID="F000B070-9770-9291-1252-5323773694C9"/>
</indexColumnUsage>
</ind_PK_UK>
<ind_PK_UK id="DA01B6A8-1BB0-6D1B-56BC-5A47C33C941E" name="BOOK_TYPE_NAME_NAME_UN">
<createdBy>Крот</createdBy>
<createdTime>2022-06-14 16:32:03 UTC</createdTime>
<ownerDesignName>book_db</ownerDesignName>
<indexState>Unique Constraint</indexState>
<isSurrogateKey>false</isSurrogateKey>
<indexColumnUsage>
<colUsage columnID="B6E93CE0-B3CD-67DE-1F10-C5E24AD3B5C0"/>
</indexColumnUsage>
</ind_PK_UK>
</indexes>
</Table>