<?xml version = '1.0' encoding = 'UTF-8'?>
<Table class="oracle.dbtools.crest.model.design.relational.Table" directorySegmentName="seg_0" id="E2FC8958-69FF-6790-876B-353E54F18124" name="BOOK_PAPER">
<createdBy>Крот</createdBy>
<createdTime>2022-06-16 16:19:13 UTC</createdTime>
<commentInRDBMS><![CDATA[Жанры книг]]></commentInRDBMS>
<ownerDesignName>book_db</ownerDesignName>
<ordsAlias>relation_3</ordsAlias>
<allowColumnReorder>false</allowColumnReorder>
<existDependencyGenerateInDDl>true</existDependencyGenerateInDDl>
<parsed>true</parsed>
<columns itemClass="oracle.dbtools.crest.model.design.relational.Column">
<Column name="ID" id="A5BE15B4-16E9-CF03-D1CB-D73F64BB4AA2">
<createdBy>Крот</createdBy>
<createdTime>2022-06-16 16:19:14 UTC</createdTime>
<commentInRDBMS><![CDATA[ИД записи]]></commentInRDBMS>
<ownerDesignName>book_db</ownerDesignName>
<useDomainConstraints>false</useDomainConstraints>
<use>1</use>
<logicalDatatype>LOGDT019</logicalDatatype>
<ownDataTypeParameters>,,</ownDataTypeParameters>
<autoIncrementCycle>false</autoIncrementCycle>
</Column>
<Column name="BOOK_ID" id="7F11D776-FAD1-4A5B-9D98-306BC8236DFC">
<createdBy>Крот</createdBy>
<createdTime>2022-06-16 16:19:14 UTC</createdTime>
<ownerDesignName>book_db</ownerDesignName>
<useDomainConstraints>false</useDomainConstraints>
<use>1</use>
<logicalDatatype>LOGDT019</logicalDatatype>
<ownDataTypeParameters>,,</ownDataTypeParameters>
<previousColumn>false</previousColumn>
<autoIncrementCycle>false</autoIncrementCycle>
<associations>
<colAssociation fkAssociation="FE50F15F-E187-8414-C08F-BE553FC41033" referredColumn="5F31CF76-C3ED-F171-91A6-8EF224B82957"/>
</associations>
</Column>
<Column name="PAPER_ID" id="0EE9C69A-FF97-CE9E-D5DA-EEFA93A2D74E">
<createdBy>Крот</createdBy>
<createdTime>2022-06-16 16:19:14 UTC</createdTime>
<commentInRDBMS><![CDATA[ИД типа бумаги]]></commentInRDBMS>
<ownerDesignName>book_db</ownerDesignName>
<useDomainConstraints>false</useDomainConstraints>
<use>1</use>
<logicalDatatype>LOGDT019</logicalDatatype>
<ownDataTypeParameters>,,</ownDataTypeParameters>
<previousColumn>false</previousColumn>
<autoIncrementCycle>false</autoIncrementCycle>
<associations>
<colAssociation fkAssociation="CE532B52-EF47-77AF-2AC1-60651682F0A3" referredColumn="BDDBF5F0-C7B7-E406-E0CD-BB4B394B38D6"/>
</associations>
</Column>
</columns>
<indexes itemClass="oracle.dbtools.crest.model.design.relational.Index">
<ind_PK_UK id="2519270B-8824-55DD-8B83-3D5B01B5C3AB" name="BOOK_PAPER_PK">
<createdBy>Крот</createdBy>
<createdTime>2022-06-16 16:19:14 UTC</createdTime>
<ownerDesignName>book_db</ownerDesignName>
<pk>true</pk>
<indexState>Primary Constraint</indexState>
<isSurrogateKey>false</isSurrogateKey>
<indexColumnUsage>
<colUsage columnID="A5BE15B4-16E9-CF03-D1CB-D73F64BB4AA2"/>
</indexColumnUsage>
</ind_PK_UK>
<ind_PK_UK id="BDFC8329-9986-DCFD-F50C-7B3333136306" name="PAPER_BOOK_PAPER_UN">
<createdBy>Крот</createdBy>
<createdTime>2022-06-16 16:19:16 UTC</createdTime>
<ownerDesignName>book_db</ownerDesignName>
<indexState>Unique Constraint</indexState>
<isSurrogateKey>false</isSurrogateKey>
<indexColumnUsage>
<colUsage columnID="7F11D776-FAD1-4A5B-9D98-306BC8236DFC"/>
<colUsage columnID="0EE9C69A-FF97-CE9E-D5DA-EEFA93A2D74E"/>
</indexColumnUsage>
</ind_PK_UK>
<ind_PK_UK id="4CCBFB33-66A3-B3EA-C840-6E975E960B1B" name="BOOK_PAPER_BOOK_FK">
<createdBy>Крот</createdBy>
<createdTime>2022-06-16 16:19:17 UTC</createdTime>
<generatorID>CD78586D-181B-8CA4-2736-D730EEC1C4A4</generatorID>
<ownerDesignName>book_db</ownerDesignName>
<indexState>Foreign Key</indexState>
<isSurrogateKey>false</isSurrogateKey>
<indexColumnUsage>
<colUsage columnID="7F11D776-FAD1-4A5B-9D98-306BC8236DFC"/>
</indexColumnUsage>
</ind_PK_UK>
<ind_PK_UK id="163A53D7-41E3-A585-8904-4F6B6B9AFEF7" name="PAPER_BOOK_PAPER_FK">
<createdBy>Крот</createdBy>
<createdTime>2022-06-16 16:19:17 UTC</createdTime>
<generatorID>CD78586D-181B-8CA4-2736-D730EEC1C4A4</generatorID>
<ownerDesignName>book_db</ownerDesignName>
<indexState>Foreign Key</indexState>
<isSurrogateKey>false</isSurrogateKey>
<indexColumnUsage>
<colUsage columnID="0EE9C69A-FF97-CE9E-D5DA-EEFA93A2D74E"/>
</indexColumnUsage>
</ind_PK_UK>
</indexes>
</Table>