<?xml version = '1.0' encoding = 'UTF-8'?>
<Table class="oracle.dbtools.crest.model.design.relational.Table" directorySegmentName="seg_0" id="E3D611B1-6BD8-D8C1-F2C7-1FE2687C21B9" name="PUBLISH_GROUP_ROLE">
<createdBy>Крот</createdBy>
<createdTime>2022-06-09 17:18:30 UTC</createdTime>
<commentInRDBMS><![CDATA[Справочник ролей издательской группы]]></commentInRDBMS>
<ownerDesignName>book_db</ownerDesignName>
<ordsAlias>table_14</ordsAlias>
<allowColumnReorder>false</allowColumnReorder>
<existDependencyGenerateInDDl>true</existDependencyGenerateInDDl>
<parsed>true</parsed>
<columns itemClass="oracle.dbtools.crest.model.design.relational.Column">
<Column name="ID" id="5809C998-D84B-EE79-F543-4497925E6C8F">
<createdBy>Крот</createdBy>
<createdTime>2022-06-09 17:18:58 UTC</createdTime>
<commentInRDBMS><![CDATA[ИД записи]]></commentInRDBMS>
<ownerDesignName>book_db</ownerDesignName>
<useDomainConstraints>false</useDomainConstraints>
<use>1</use>
<logicalDatatype>LOGDT019</logicalDatatype>
<ownDataTypeParameters>,,</ownDataTypeParameters>
<autoIncrementCycle>false</autoIncrementCycle>
</Column>
<Column name="ROLE_NAME" id="50EAC6FB-7E7B-F45C-77ED-4EDCE0C30B4D">
<createdBy>Крот</createdBy>
<createdTime>2022-06-09 17:19:38 UTC</createdTime>
<commentInRDBMS><![CDATA[Наименование роли]]></commentInRDBMS>
<ownerDesignName>book_db</ownerDesignName>
<nullsAllowed>true</nullsAllowed>
<useDomainConstraints>false</useDomainConstraints>
<use>1</use>
<logicalDatatype>LOGDT024</logicalDatatype>
<dataTypeSize>50</dataTypeSize>
<ownDataTypeParameters>50,,</ownDataTypeParameters>
<autoIncrementCycle>false</autoIncrementCycle>
</Column>
</columns>
<indexes itemClass="oracle.dbtools.crest.model.design.relational.Index">
<ind_PK_UK id="32ED7ED5-9C1D-452D-0A58-61A7EBD8DC2B" name="PUBLISH_GROUP_ROLE_PK">
<createdBy>Крот</createdBy>
<createdTime>2022-06-09 17:18:58 UTC</createdTime>
<ownerDesignName>book_db</ownerDesignName>
<pk>true</pk>
<indexState>Primary Constraint</indexState>
<isSurrogateKey>false</isSurrogateKey>
<indexColumnUsage>
<colUsage columnID="5809C998-D84B-EE79-F543-4497925E6C8F"/>
</indexColumnUsage>
</ind_PK_UK>
<ind_PK_UK id="135754B9-902F-1F0A-0635-E5E94FE22CC7" name="PUBLISH_GROUP_ROLE_UN">
<createdBy>Крот</createdBy>
<createdTime>2022-06-09 18:05:34 UTC</createdTime>
<ownerDesignName>book_db</ownerDesignName>
<indexState>Unique Constraint</indexState>
<isSurrogateKey>false</isSurrogateKey>
<indexColumnUsage>
<colUsage columnID="50EAC6FB-7E7B-F45C-77ED-4EDCE0C30B4D"/>
</indexColumnUsage>
</ind_PK_UK>
</indexes>
</Table>