<?xml version = '1.0' encoding = 'UTF-8'?>
<Table class="oracle.dbtools.crest.model.design.relational.Table" directorySegmentName="seg_0" id="E7FE43E8-2165-76E5-41BD-5119D8424472" name="COVER_TYPE">
<createdBy>Крот</createdBy>
<createdTime>2022-06-14 16:17:36 UTC</createdTime>
<commentInRDBMS><![CDATA[Справочник типов обложек]]></commentInRDBMS>
<ownerDesignName>book_db</ownerDesignName>
<ordsAlias>table_14</ordsAlias>
<allowColumnReorder>false</allowColumnReorder>
<existDependencyGenerateInDDl>true</existDependencyGenerateInDDl>
<parsed>true</parsed>
<columns itemClass="oracle.dbtools.crest.model.design.relational.Column">
<Column name="ID" id="0C6D233F-F5D1-AA77-C0C1-906BEDF01A2C">
<createdBy>Крот</createdBy>
<createdTime>2022-06-14 16:17:36 UTC</createdTime>
<commentInRDBMS><![CDATA[ИД записи]]></commentInRDBMS>
<ownerDesignName>book_db</ownerDesignName>
<useDomainConstraints>false</useDomainConstraints>
<use>1</use>
<logicalDatatype>LOGDT019</logicalDatatype>
<ownDataTypeParameters>,,</ownDataTypeParameters>
<autoIncrementCycle>false</autoIncrementCycle>
</Column>
<Column name="COVER_NAME" id="686501C7-782A-01FF-CB38-15A6C7D119B0">
<createdBy>Крот</createdBy>
<createdTime>2022-06-14 16:17:36 UTC</createdTime>
<commentInRDBMS><![CDATA[Наименование типа обложки]]></commentInRDBMS>
<ownerDesignName>book_db</ownerDesignName>
<nullsAllowed>true</nullsAllowed>
<useDomainConstraints>false</useDomainConstraints>
<use>1</use>
<logicalDatatype>LOGDT024</logicalDatatype>
<dataTypeSize>50</dataTypeSize>
<ownDataTypeParameters>50,,</ownDataTypeParameters>
<autoIncrementCycle>false</autoIncrementCycle>
</Column>
</columns>
<indexes itemClass="oracle.dbtools.crest.model.design.relational.Index">
<ind_PK_UK id="07EFC825-4219-4000-5393-6AA4D7B9D5CA" name="COVER_TYPE_PK">
<createdBy>Крот</createdBy>
<createdTime>2022-06-14 16:17:36 UTC</createdTime>
<ownerDesignName>book_db</ownerDesignName>
<pk>true</pk>
<indexState>Primary Constraint</indexState>
<isSurrogateKey>false</isSurrogateKey>
<indexColumnUsage>
<colUsage columnID="0C6D233F-F5D1-AA77-C0C1-906BEDF01A2C"/>
</indexColumnUsage>
</ind_PK_UK>
<ind_PK_UK id="9A852A44-7F8D-5C34-4E63-D93A87D3EE8E" name="COVER_TYPE_UN">
<createdBy>Крот</createdBy>
<createdTime>2022-06-14 16:17:38 UTC</createdTime>
<ownerDesignName>book_db</ownerDesignName>
<indexState>Unique Constraint</indexState>
<isSurrogateKey>false</isSurrogateKey>
<indexColumnUsage>
<colUsage columnID="686501C7-782A-01FF-CB38-15A6C7D119B0"/>
</indexColumnUsage>
</ind_PK_UK>
</indexes>
</Table>