<?xml version = '1.0' encoding = 'UTF-8'?>
<Table class="oracle.dbtools.crest.model.design.relational.Table" directorySegmentName="seg_0" id="EAC07509-EB80-FAEB-6C55-D08B8011236C" name="LANGUAGE">
<createdBy>Крот</createdBy>
<createdTime>2022-07-11 10:04:41 UTC</createdTime>
<ownerDesignName>book_db</ownerDesignName>
<ordsAlias>table_29</ordsAlias>
<allowColumnReorder>false</allowColumnReorder>
<existDependencyGenerateInDDl>true</existDependencyGenerateInDDl>
<parsed>true</parsed>
<columns itemClass="oracle.dbtools.crest.model.design.relational.Column">
<Column name="ID" id="60B22A17-62F5-CC8C-2D60-11AF0D86FC3A">
<createdBy>Крот</createdBy>
<createdTime>2022-07-11 10:05:28 UTC</createdTime>
<commentInRDBMS><![CDATA[ИД записи]]></commentInRDBMS>
<ownerDesignName>book_db</ownerDesignName>
<useDomainConstraints>false</useDomainConstraints>
<use>1</use>
<logicalDatatype>LOGDT019</logicalDatatype>
<ownDataTypeParameters>,,</ownDataTypeParameters>
<autoIncrementCycle>false</autoIncrementCycle>
</Column>
<Column name="LANGUAGE_NAME" id="8FB9A099-A1CE-94C1-ED6E-B1CDA39A4D1A">
<createdBy>Крот</createdBy>
<createdTime>2022-07-11 10:05:28 UTC</createdTime>
<commentInRDBMS><![CDATA[Название языка]]></commentInRDBMS>
<ownerDesignName>book_db</ownerDesignName>
<nullsAllowed>true</nullsAllowed>
<useDomainConstraints>false</useDomainConstraints>
<use>1</use>
<logicalDatatype>LOGDT024</logicalDatatype>
<dataTypeSize>50</dataTypeSize>
<ownDataTypeParameters>50,,</ownDataTypeParameters>
<autoIncrementCycle>false</autoIncrementCycle>
</Column>
</columns>
<indexes itemClass="oracle.dbtools.crest.model.design.relational.Index">
<ind_PK_UK id="7565F9EB-D56D-46DF-EE0F-4265F90DCF43" name="LANGUAGE_PK">
<createdBy>Крот</createdBy>
<createdTime>2022-07-11 10:05:28 UTC</createdTime>
<ownerDesignName>book_db</ownerDesignName>
<pk>true</pk>
<indexState>Primary Constraint</indexState>
<isSurrogateKey>false</isSurrogateKey>
<indexColumnUsage>
<colUsage columnID="60B22A17-62F5-CC8C-2D60-11AF0D86FC3A"/>
</indexColumnUsage>
</ind_PK_UK>
</indexes>
</Table>