<?xml version = '1.0' encoding = 'UTF-8'?>
<Table class="oracle.dbtools.crest.model.design.relational.Table" directorySegmentName="seg_0" id="EFDE3A57-E3EE-0B37-58A8-FA793CA7ECAC" name="NOVEL_VERSION_TYPE">
<createdBy>Крот</createdBy>
<createdTime>2022-07-11 09:56:31 UTC</createdTime>
<ownerDesignName>book_db</ownerDesignName>
<ordsAlias>table_26</ordsAlias>
<allowColumnReorder>false</allowColumnReorder>
<existDependencyGenerateInDDl>true</existDependencyGenerateInDDl>
<parsed>true</parsed>
<columns itemClass="oracle.dbtools.crest.model.design.relational.Column">
<Column name="ID" id="8A948AF8-D1CB-228B-FA3E-BB70B1518776">
<createdBy>Крот</createdBy>
<createdTime>2022-07-11 09:57:38 UTC</createdTime>
<commentInRDBMS><![CDATA[ИД записи]]></commentInRDBMS>
<ownerDesignName>book_db</ownerDesignName>
<useDomainConstraints>false</useDomainConstraints>
<use>1</use>
<logicalDatatype>LOGDT019</logicalDatatype>
<ownDataTypeParameters>,,</ownDataTypeParameters>
<autoIncrementCycle>false</autoIncrementCycle>
</Column>
<Column name="NOVEL_VERSION_TYPE_NAME" id="9F1258F9-05F9-5DEF-D585-E03778739385">
<createdBy>Крот</createdBy>
<createdTime>2022-07-11 09:57:38 UTC</createdTime>
<commentInRDBMS><![CDATA[Наименование типа версии]]></commentInRDBMS>
<ownerDesignName>book_db</ownerDesignName>
<nullsAllowed>true</nullsAllowed>
<useDomainConstraints>false</useDomainConstraints>
<use>1</use>
<logicalDatatype>LOGDT024</logicalDatatype>
<dataTypeSize>50</dataTypeSize>
<ownDataTypeParameters>50,,</ownDataTypeParameters>
<autoIncrementCycle>false</autoIncrementCycle>
</Column>
</columns>
<indexes itemClass="oracle.dbtools.crest.model.design.relational.Index">
<ind_PK_UK id="78A40805-C129-5E9A-EA52-F9B2892FE1E6" name="NOVEL_VERSION_TYPE_PK">
<createdBy>Крот</createdBy>
<createdTime>2022-07-11 09:57:38 UTC</createdTime>
<ownerDesignName>book_db</ownerDesignName>
<pk>true</pk>
<indexState>Primary Constraint</indexState>
<isSurrogateKey>false</isSurrogateKey>
<indexColumnUsage>
<colUsage columnID="8A948AF8-D1CB-228B-FA3E-BB70B1518776"/>
</indexColumnUsage>
</ind_PK_UK>
</indexes>
</Table>