<?xml version = '1.0' encoding = 'UTF-8'?>
<Table class="oracle.dbtools.crest.model.design.relational.Table" directorySegmentName="seg_0" id="FFE87DED-0108-0557-E17E-52F6DA044A6D" name="BOOK_CONTENT">
<createdBy>Крот</createdBy>
<createdTime>2022-07-11 10:09:25 UTC</createdTime>
<ownerDesignName>book_db</ownerDesignName>
<ordsAlias>table_31</ordsAlias>
<allowColumnReorder>false</allowColumnReorder>
<existDependencyGenerateInDDl>true</existDependencyGenerateInDDl>
<parsed>true</parsed>
<columns itemClass="oracle.dbtools.crest.model.design.relational.Column">
<Column name="ID" id="8700EBD9-EF3B-F7F2-8569-961ED293B1BD">
<createdBy>Крот</createdBy>
<createdTime>2022-07-11 10:10:01 UTC</createdTime>
<commentInRDBMS><![CDATA[ИД записи]]></commentInRDBMS>
<ownerDesignName>book_db</ownerDesignName>
<useDomainConstraints>false</useDomainConstraints>
<use>1</use>
<logicalDatatype>LOGDT019</logicalDatatype>
<ownDataTypeParameters>,,</ownDataTypeParameters>
<autoIncrementCycle>false</autoIncrementCycle>
</Column>
<Column name="BOOK_ID" id="3C0E790F-C222-8CC9-A3E9-7E9B68699509">
<createdBy>Крот</createdBy>
<createdTime>2022-07-11 10:10:07 UTC</createdTime>
<ownerDesignName>book_db</ownerDesignName>
<useDomainConstraints>false</useDomainConstraints>
<use>1</use>
<logicalDatatype>LOGDT019</logicalDatatype>
<ownDataTypeParameters>,,</ownDataTypeParameters>
<previousColumn>false</previousColumn>
<autoIncrementCycle>false</autoIncrementCycle>
<associations>
<colAssociation fkAssociation="966CDE11-CE1A-89A5-90FE-D833F58EBEFB" referredColumn="5F31CF76-C3ED-F171-91A6-8EF224B82957"/>
</associations>
</Column>
<Column name="NOVEL_VERSION_ID" id="B098CB4F-E47E-AD16-2CE8-16CC26D863DB">
<createdBy>Крот</createdBy>
<createdTime>2022-07-11 10:10:15 UTC</createdTime>
<ownerDesignName>book_db</ownerDesignName>
<useDomainConstraints>false</useDomainConstraints>
<use>1</use>
<logicalDatatype>LOGDT019</logicalDatatype>
<ownDataTypeParameters>,,</ownDataTypeParameters>
<previousColumn>false</previousColumn>
<autoIncrementCycle>false</autoIncrementCycle>
<associations>
<colAssociation fkAssociation="E75DC106-B270-4051-CAD2-AF20A0487981" referredColumn="59DCD624-D34E-5BC5-5AF7-7FDCB56F2783"/>
</associations>
</Column>
<Column name="NUM" id="6156BAA4-B62C-D206-5403-F48273ED8C29">
<createdBy>Крот</createdBy>
<createdTime>2022-07-11 10:10:51 UTC</createdTime>
<commentInRDBMS><![CDATA[Номер по-порядку]]></commentInRDBMS>
<ownerDesignName>book_db</ownerDesignName>
<nullsAllowed>true</nullsAllowed>
<useDomainConstraints>false</useDomainConstraints>
<use>1</use>
<logicalDatatype>LOGDT019</logicalDatatype>
<dataTypePrecision>0</dataTypePrecision>
<ownDataTypeParameters>,0,</ownDataTypeParameters>
<autoIncrementCycle>false</autoIncrementCycle>
</Column>
</columns>
<indexes itemClass="oracle.dbtools.crest.model.design.relational.Index">
<ind_PK_UK id="DD9C383A-806B-D3AE-A313-71D9D887FE8F" name="BOOK_CONTENT_PK">
<createdBy>Крот</createdBy>
<createdTime>2022-07-11 10:11:27 UTC</createdTime>
<ownerDesignName>book_db</ownerDesignName>
<pk>true</pk>
<indexState>Primary Constraint</indexState>
<isSurrogateKey>false</isSurrogateKey>
<indexColumnUsage>
<colUsage columnID="8700EBD9-EF3B-F7F2-8569-961ED293B1BD"/>
</indexColumnUsage>
</ind_PK_UK>
<ind_PK_UK id="25175EFB-06A5-0FA4-3E17-A567DBF53392" name="BOOK_CONTENT_BOOK_FK">
<createdBy>Крот</createdBy>
<createdTime>2022-07-11 10:10:07 UTC</createdTime>
<generatorID>ADD23150-19A6-AA55-20EC-4BD594CBF40C</generatorID>
<ownerDesignName>book_db</ownerDesignName>
<indexState>Foreign Key</indexState>
<isSurrogateKey>false</isSurrogateKey>
<indexColumnUsage>
<colUsage columnID="3C0E790F-C222-8CC9-A3E9-7E9B68699509"/>
</indexColumnUsage>
</ind_PK_UK>
<ind_PK_UK id="DF4FF41A-B4EC-70B5-EFCB-265540FF94DA" name="BOOK_CONTENT_NOVEL_VERSION_FK">
<createdBy>Крот</createdBy>
<createdTime>2022-07-11 10:10:15 UTC</createdTime>
<ownerDesignName>book_db</ownerDesignName>
<indexState>Foreign Key</indexState>
<isSurrogateKey>false</isSurrogateKey>
<indexColumnUsage>
<colUsage columnID="B098CB4F-E47E-AD16-2CE8-16CC26D863DB"/>
</indexColumnUsage>
</ind_PK_UK>
</indexes>
</Table>